百度搜索,"百度一下搜索爱采购,阿里云搜索引擎入口,百度首页百度i问财,百度一下搜索引擎,百度搜索视频转换器,有哪些搜索网站,怎么在百度上搜索到,百度搜索金丝铁线,百度搜索官网"
字节跳动,"字节跳动官网首页,自媒体是干什么的,字节跳动采购平台,字节跳动招聘官网首页,字节跳动员工福利,字节跳动官网官网,字节跳动公司待遇,字节跳动是干嘛的,字节跳动中台"
地铁,"中国地铁线路图,工业大风扇  地铁,地铁官方网站,q版地铁,地铁缺点,地铁隧道电缆支架,广州地铁q版模型,地铁安检定位,纽约地铁q线"
连衣裙,"桑蚕丝正品连衣裙清仓,2022年新款连衣裙,中老年女棉绸连衣裙,特价真丝桑蚕丝连衣裙,新款真丝连衣裙,香云纱连衣裙,中老年小碎花连衣裙,秋季连衣裙新款连衣裙,棉麻连衣裙"
摄影,"500px摄影网,伯爵婚纱摄影官网,莱卡q摄影作品图片,商业人像摄影,5次方摄影,高清专业摄影网站,一摄影师获刑14年,龙岗摄影大赛,摄影比赛投票结果"
土地,"中国土地招拍挂官网,土地管理法2021全文,土地租赁合同范本免费,土地增值税税务筹划,地图上怎样标识一块地,土地使用税征收标准,土地规划师报考条件,租土地在哪找,买土地"
简介,"大q宝李浠晗的简介,简单介绍,q版动漫简介,依思q品牌简介,q房网公司简介,袁隆平简介及主要事迹,长城的历史简介和资料,简洁的简历表,红楼梦简介"
时尚,"时尚芭莎杂志官网,vogue时尚网官网,爱q时尚网,睡衣女冬,美国时尚管理本科,时尚搭配网,蕾丝内搭,小香风服装拍摄,高端服装的领标"
画像,"q版名人画像,用户画像在线制作,q版自画像生成器,什么是自画像,水墨图片制作,人物画像,袁隆平q版画像,q版人物画像,客户画像 分析"
运动员,"q版奥运运动员,奥运会运动员q版图片,我最喜欢的中国运动员英语作文,运动员号码簿尺寸,搏击运动员赛前降重,体育馆运动员更衣柜,运动员代表宣誓词,运动员 普通专升本,滑雪高水平运动员"
三月,"三月的词语,三月简写,三月三的来历和风俗,三月三海报,三月礼品网,三月桃花水,三月扑城,阳春三月,三月月"
古董,"私人博物馆收购古董,7788古董网家具回收价格表,中国古玩网官网,商代青铜酒杯价值,古董古玩收藏交易网,古币,古董局中局之鉴墨寻瓷,全国上门收购古玩古董,最贵的古董"
超级英雄,"谁是超级英雄在线观看,dc英雄格斗游戏,最q超级英雄无敌版,冰雪复古传奇之盟重英雄电脑版,超级武器冰雪三职业,美漫之超级英雄之父,q版超级英雄简笔画,超级英雄动画片全集,超级英雄壁纸儿童房"
新华书店,"当当网网上书店官网,新华书城网上购书,新华书店网官网首页,淘宝书城网上书店,新华书店服务平台,网上书店官网,新东方图书网官网,孔夫子网上旧书店官网,当当网官网书店"
电影,"阿 q正传电影,电影网免费电影,maggie q主演的电影,maggie q电影,唐人街探案3电影q是谁,cctv老电影q奇袭,电影二次曝光未删减q,广东电影节目许可证,爱情电影qⅤod感人"
清洁剂,"去油污最强的清洁剂,不锈钢清洁剂,炉具清洁剂的主要成分,大公鸡清洁剂,铜丝网筛专用清洁剂,什么是酸性清洁剂,草酸清洗剂,地板清洁剂,清洁剂检测标准"
夜景,"城市夜景照片,透明屏,渲染夜景的软件,夜景亮化外立面,上海夜景,商业街夜景设计目的,航拍北京夜景,衢江区 夜景,半画幅夜景"
包邮,"天天特价9块9包邮,9元9包邮,空包礼品代发网,烟丝烟叶500g包邮批发,1688一元包邮,9块9包邮楚楚街,拼多多都是包邮的嘛,天天九块九包邮,男士棉袜 全棉包邮"
苹果公司,"苹果公司官网首页,apple公司官网,apple苹果官网,苹果公司企业文化,苹果公司在中国的总部,苹果公司新品发布会,苹果公司官网,苹果公司电话多少,美国苹果公司官网"
手机壳,"防摔手机壳,可爱型的手机壳,手机壳网站批发,硅胶手环手机壳,手机壳定制,磁吸式手机壳,散热型手机壳,个性手机壳,智能手机壳"
猫咪,"猫咪的q怎么控制,宠物猫,新版猫咪猫咪必火,q版猫咪拟人萌图,猫咪用品有哪些,猫咪q技能怎么拐弯,猫咪q版图片,猫咪喜欢什么样的猫窝,卖猫咪的网站"
喜欢电影,"电影学考研院校,2022你动漫电影,最喜欢电影的彭波小姐,广东电影节目许可证,电竞电影有哪些,第一电影,我不喜欢异地恋电影,喜欢你电影在线完整版,牛魔王电影网"
图片分享,"图片免费下载网,q版图片在线制作,q群ＩＣＵ图片,图库网,炭治郎q版图片 头像,图片库大全免费,读书分享图片背景图,批图免费,图片库网站"
潮流壁纸,"uopop壁纸,壁纸2022最新壁纸电脑,3d高清壁纸背景墙,电脑潮流壁纸,pupu壁纸,财源滚滚来电脑桌面壁纸卡通,哪个壁纸的动态最好看,壁纸高清电脑桌面壁纸,壁纸背景墙图片大全"
电脑主板,"电脑主板多少钱,2800的电脑主板,怎么装电脑主机,电脑主板哪个牌子最好,电脑主板是啥,计算机主板,家用电脑主板推荐,迷你电脑台式主机,组装电脑"
普通话考试,"全国普通话考试报名入口官网2022,2022普通话考试报名官网,普通话证书官网入口,全国普通话考试报名官网,2022年普通话考试官网,普通话考试内容题库,全国各地普通话考试报名考试官网,国家普通话考试官网,普通话考试查询入口"
高速,"中国峡谷高速公路,什么是tg快速路,高速最高时速是多少,高速路波浪护栏,山东高速集团,富士康高速口抢人,国家高速公路网,高速公路声屏障,建设高速公路土工布"
消防,"消防信息网官网,q版消防员萌图片,消防图例q代表什么,消防工程报考入口,消防员q版萌图,一级消防工程师,119消防网,消防学习,消防官网报名"
《精灵宝可梦》有哪些,"精灵宝可梦官网中文官网,j精灵宝可梦,pokemmo有什么方法不遇到精灵,精灵宝可梦最新一部叫什么,宝可梦有哪些,精灵宝可梦官网,樱花宝可梦,宝可梦,宝可梦全集"
大豆品种好不好,"合农71大豆品种简介,大豆品种分类,齐黄34大豆品种介绍,东生1号大豆品种简介,黑河43号大豆品种简介,绥农26大豆品种介绍,北大荒食用油质量怎么样,大豆种子种皮外有果皮包被吗,绥农76大豆品种简介"
如何画,"如何画漫画,在线绘图,凹凸世界简笔画q版,零基础学画图纸,如何画q版人物的头发,怎么画立体画,用二维怎么画人物,如何画技术原型,画图软件在线使用"
夏天,"夏天的特点有哪些,像夏天的可乐像冬天的可可,夏天环境描写,夏天的一天,冬春夏草,夏克立夏天,夏天的自然现象,在夏天,我要夏天"
儿童毛衣,"1一3岁儿童毛衣编织,现代儿童毛衣图案精选,儿童毛衣新款,男童毛线外套春秋季,儿童毛衣尺码对照表,儿童毛衣背心花样图,儿童毛衣绣花图案图纸,叶子儿童毛衣编织视频,儿童毛衣编织新款式"
羽毛球队,"中国羽毛球队现役队员,2022年毛陈社区羽毛球比赛,好象网球羽毛球两用包,先锋乒羽羽毛球直播,新新羽毛球队,羽毛球队名字大全,中国羽毛球队最新消息,猛攻型羽毛球拍,飞马羽毛球训练营"
星球大战,"星球大战免费完整版,环形帝国在线玩,星球大战之第四天灾,星球大战星球介绍,星球大战克隆人战争,星球大战在线游戏,愤怒的小鸟星球大战,星球大战观看顺序,中文星球大战"
哈士奇,"哈士奇多少钱一只,我是哈士奇大g憨狗去哪了,女神家的哈士奇天秀,q版哈士奇,哈士奇图片大全大图,哈士奇经典事件,三阳哈士奇可以上上海蓝牌吗,装高冷的哈士奇,哈士奇口水程度"
泰式料理,"咔空咔泰式料理,泰式风味汁的做法,迷你椰泰式大排档官网,多功能料理一体机,泰餐,泰式料理菜谱大全,泰式料理有哪些,外卖料理包批发,料理机"
豆浆,"豆浆的做法和配方,豆浆记忆官网,黑豆浆的功效与作用,谷逺粉,豆浆可以天天喝吗,石磨豆浆机,豆浆和鸡蛋能一起吃吗,喝豆浆的好处和坏处,商用豆腐豆浆机"
证书,"中科院心理咨询师证书,正规的ce证书,aec q200证书,ce证书,国际汉语教师证书官网,pmp项目管理资格证书,普通话证书查询,如何考pmp证书,人力资源管理师证书"
牛年大吉,"牛年大吉牛气冲天图片,2021牛年大吉,牛牛传奇官网,太牛,牛年大吉是成语吗,亿牛网,富途牛牛,牛年大吉图片壁纸,牛年大吉图片可爱卡通"
激光枪,"cs装备激光枪,民用防身激光枪,激光枪的威力有多大,麒麟激光手持焊接枪,枪激光射线的装备叫什么,速得尔激光枪,射频枪,深海迷航激光切割枪,激光器"
古典,"古典音乐频道,古典文学网,欧式古典电视柜,古典园林高清壁纸,古典吉他品牌,中国古典十大名曲播放,古典红木沙发,古典背景图,模型古典装饰公司"
装饰墙布,"中国墙布十大品牌排名,墙布价格多少一平方,墙布的优缺点,领绣墙布官网,纯棉装饰墙布,墙布,墙布十大品牌排行榜,装饰墙布图案大全图片,墙纸墙布师傅平台"
海购店,"1号店1号海购官网,摩登百货海购店,海淘网站,海购平台,酷先生海购便利店,1号店海购,海淘免税店,考拉海购线下店,阿里巴巴海购"
牛角面包,"牛角面包和可颂的区别,好利来三角脆皮软蛋糕,牛角面包的做法大全,羊角面包和牛角面包,开窗牛皮纸面包袋,老式面包,面包里夹什么好吃,牛角面包怎么做,牛角梳的功效与作用"
四川省,"四川省人力资源考试,2022年四川省省直嶙选进面,四川省新产品证书,四川省装配式建筑文件,四川省修复防治院,四川省概况简介,四川省人民政府官网,四川省从业资格证查询,四川省经信委职称评审"
小卖部售货亭,"小卖部进货渠道,小卖亭,售货亭,神豪从小卖部开始签到,小卖部售货员岗位职责,自助售货柜,小型售卖机,现代小卖部岗亭,小卖部货架"
红木沙发垫,"新中式红木沙发,红木沙发图片及价格,中国红木家具网,红木古典家具低价出售,木沙发垫子整套新款,京东商城红木沙发,红木沙发坐垫中式,红木沙发,红木家具种类10万"
合同范文,"免费合同范本大全,合同范本2021合同范本大全,装缷合同范本,合作协议合同范本,商铺租赁合同范本免费,劳务合同范本免费下载,经销商合同范本免费,加盟合同样本,入股协议书范本合同"
电话诈骗,"00853开头的诈骗电话,853开头的电话诈骗,0431开头诈骗电话,派出所打电话说我浏览了诈骗网站,接诈骗电话提供姓名电话会不会有危险,网警诈骗举报电话,诈骗电话查询中心,接到诈骗电话怎么举报,被网络诈骗了几十万拨打那个电话"
博物馆,"网上3d博物馆入口,博物馆展陈设计,m博物馆,2022国际博物馆日主题,数字博物馆网站,北京故宫博物馆,博物馆智慧,镇妖博物馆 笔趣阁,博物馆3d网上展览"
扩音器,"u盘 加扩音器,无线小蜜蜂扩音器,大功率扩音器,二胡专用无线扩音器,便携式扩音器,鑫顺河扩音器电池,二胡神器扩音器,口琴扩音器,展厅讲解扩音器"
脑区神经元,"pi神经元夜晚觉醒,12对脑神经记忆口诀,修复脑神经的最佳中药,vmh脑区gaba神经元,脑神经元细胞结构,北师大版神经系统与神经调节ppt,脑与神经疾病杂志,受损脑神经元修复,营养脑神经有什么药"
棉花,"棉花有几种,大渊博棉花交易中心,中国棉花信息网官网,棉花认证BCI机构,棉花行情,棉花气象服务,棉花期货实时行情,棉花期货一点多少钱,棉花种仔测定仪器"
大概需要多少钱,"做个ct大概需要多少钱,开一个网店需要多少钱,学烘培大概需要多少钱,开一个花店大概需要投资多少钱,做一个小程序需要多少钱,成高大概需要多少费用,拔个牙大概需要多少钱,做一个招牌大概需要多少钱,一个网店前期大概需要多少钱"
答案及解析,"答案网免费答案,2022真题答案,护师题库及答案解析,作业帮在线解答,物质的量专题训练答案及解析,在线解题平台,答案网在线使用,答案解析网,集合题目带答案解析"
申论,"申论范文30篇背诵2021,2022年申论必背50篇,公务员申论真题及答案,2014年国考申论真题,申论格子纸免费下载,申论范文精解80篇,2022国家公务员申论真题及答案,申论考什么,省考申论和国考申论"
考试试卷,"a4的考试试卷模板,考试试卷word模板,新员工入职考试试卷,合格性考试冲刺试题,考试卷子模板,试卷网官网,一年级期末考试试卷,满分考试题模拟考试,司法考试试卷真题"
三星,"三星手机官网旗舰店官方网,samsung三星官网,三星官网手机,三星qa65q70aajxxz,三星手机官网旗舰店,三星简介,三星sam,三星官方网首页,三星samsung官网"
你想到了什么,"我从什么的身上感受到了什么的美,一个英语单词大概意思询问是发生了什么事,说到中国你想到了什么,今天我看到雪使我想起了你中的你指的是,心里想什么看到的就是什么那句话,吸引力的定律找到你想对你说什么歌,陈桐对微笑说了什么,提起青春你想到了什么,读了马诗你想到了什么"
火锅,"安井火锅食材加盟店,红99火锅底料重量,火锅店装修设计,火锅菜单大全,火锅底料十大名牌,重庆火锅,全国火锅培训机构,奇火锅火锅,成都火锅加盟排行榜"
中国古典诗词,"中国古典诗词精品赏读,诗集出版,中国经典古诗词大全,中国古典诗词朗诵视频,中国古典诗词常用典故,中国古典诗词的魅力,浅谈中国古典诗词之美,古代诗歌中的典型意象,体现中国古典音乐"
书法,"书法屋官网,硬笔颜真卿行书,国外出版的书法字帖,书法墨汁淘宝,如何学写行书,书法行书洛阳,书法入门,中国书法网,书法网"
藕,"面藕怎么做好吃,行唐掌圈招聘,莜芽口腔,无糖纯藕粉哪里买,藕的做法大全家常菜,藕的作用与功效,铁观音详情页,面藕,桂花糖藕"
热搜第一,"热搜榜排名昨日第一,360搜索热榜一你的专属榜单,抖音上热搜的条件,微热点,肖战一笑泰国热搜第一,微博热搜第一,今日热搜榜官网,百度热搜榜,淘宝每日top热搜词"
效果好不好,"可善挺的效果,hdmi转dvi效果好不好,虾皮补钙效果好不好,印度代购希爱力双效片效果好吗,好的灵芝孢子粉与不好的区别,微创补漏效果怎么样,辅酶q10怎么吃效果好,软函甲康灵效果怎么样,e光脱毛效果好不好"
移动空调效果好不好,"移动空调好不好到底适不适合买,移动小空调冷暖两用空调怎么样,lx02移动空调,可移动空调的优缺点,小艾移动空调,移动空调哪个牌子好,新一代节能挂星式移动空调,移动空调好不好,移动小空调制冷效果怎么样"
农家土菜,"农家土菜大全图片,乡下的土猪拱城里的白菜,一亩三分地农家店各种蔬菜苗,田园有喜农家小白菜,农家新鲜蔬菜商城,农家小地主苏木兰,农家土菜介绍,农家土菜广告语,衡东土菜菜谱大全图片"
质量管理体系认证有哪些,"质量管理体系认证查询官网,9001质量管理体系认证,质量管理体系认证证书在哪里办,质量认证体系有哪几种,noa质量管理体系认证,iso9001质量管理体系认证是什么样的,质量管理体系认证包括哪些,管理体系认证有哪些,质量管理体系认证证书企业必须要有的吗"
农家土菜爆豆角的做法,"农家酸豆角,农家自制黄豆酱的做法,家常茄子炖土豆,农家土菜介绍,土豆好吃的做法,炒土豆块,农家菜谱家常菜做法,农家小炒肉的做法,农家土菜广告语"
中国留学生,
印花卫衣,"3d数码印花卫衣,衣服印花设计网,卫衣上的印花怎么去掉,聚酯纤维高领卫衣,白色男卫衣,有哪些印花好看的logo网站,大牌的印花图案在哪里找到,卫衣印花工艺,印花简约卫衣英文"
匹克,"匹克官方旗舰店,nikedunksb芝加哥,匹克大三角,耐克sbdunklow,匹克篮球鞋,匹克官网,匹克,匹克闪现3,匹克态极"
牛仔外套搭配,"牛仔外套搭配图片女,罗蒙西装外套好吗,男灯芯绒夹克搭配,男士牛仔外套怎么搭配,外套男,外套淘宝,牛仔外套女韩混色,中长款牛仔外套搭配,牛仔外套"
山西特产,"山西特产有哪些,贡天下山西特产网官网,山西十大特产介绍,山西特产排行榜前十名,山西特产是什么,山西特产大全,山西特产 著名小吃,山西特产专卖店,山西土特产商城"
正版,"奇迹mu正版官网,正版steam官网入口,win7旗舰版官方正版,正版win7系统下载官网,正版电脑系统一键重装,minecraft正版下载,win10正式版,管家婆正版,捕鱼游戏大全正版"
泰国旅游,"云南旅游官网首页,泰国旅游攻略自由行,泰国大学排名一览表,泰国养老签证,泰国旅游景点大全介绍,泰国开放旅游最新消息,去泰国旅游需要多少钱,中国女排不敌泰国队,泰国留学"
钢琴,"钢琴入门自学教程,新钢琴怎么搬,梦中的婚礼钢琴谱,钢琴曲轻音乐纯音乐,一般钢琴多少钱,钢琴哪个牌子好,钢琴是否算艺考,专业搬运钢琴公司,在线钢琴"
烤肉锅,"石锅烤肉都有什么食材能烤,锅圈无烟烧烤锅,蒸锅,涮烤一体锅,小核桃烤肉 装修,锅圈食汇的红色的烤锅叫什么,烤肉店网红墙,电烤锅家用烤肉锅,锅锅灶"
云南,"云南官网首页,云南蝴蝶大爆发奇观,云南旅游攻略,云南人才网,云南政务服务网,云南省电子税务局,云南地图,云南海天考研,云南招聘网"
圆周角定理,"直径所对的圆周角是直角是什么定理,如图在一个平面内三个单位向量tan7,1周角等于多少平角等于多少直角,已知点p34在角的终边上则cos,勾股定理只能用于直角三角形吗,圆周角定理及推论,在钝角三角形画两个等腰直角三角形,帕斯卡的故事验证三角形内角和,为什么圆周运动四分之一圆不会脱轨"
走进森林,"跟随小鹿走进森林作文,梦境侦探这颗小树和整个山的植物都不一样,森林与人类,森林防火监控塔,走进森林阅读理解答案,我匆匆的走进森林中,黑导航森林,森林,走出森林的小红帽"
手工制作,"小手工制作简单又漂亮,废物利用手工小制作,手工制作礼品盒,手工活之家官方网站,昆虫的家 手工 制作,橡皮泥手工制作小动物,折纸手工制作大全,手工制作简易吸尘器,手工制作布艺沙发套"
东北特产,"东北有什么特产,东北特产有哪些小零食,东北特产批发市场,东北特产不是黑社会,东北特产介绍,东北特产有哪些干货,东北特产有哪些土特产,东北有什么好吃的特产,东北特产美食"
模拟试卷,"初二生地会考模拟试卷,2022年二建模拟试卷,免费试卷网,2022仿真模拟卷语文,全真模拟试卷,小升初模拟试卷语文,试卷生成器免费版,小考数学模拟试卷,城乡规划模拟试卷"
游戏下载,"qq游戏大厅官方下载,快玩游戏盒子官网下载,steam游戏平台官方下载,37游戏平台官网下载,电脑游戏下载平台,steam游戏官网下载,不用下载的游戏,游戏游戏大全下载,劲舞团官网游戏下载"
证券,"东方证券官网首页,q银河证券,证券网站官网,中国证券业协会,证券交易平台,银河证券官方下载,第一证券,证券从业资格考试,中信证券至信版"
浙江,"浙江靓号,浙江新和成辅酶q10,浙江在哪个省,浙江省电子税务务局,浙i,浙江会计师,浙江企业群,浙江人事考试网,浙江省浙江市"
芝麻酱,"芝麻酱的功效与作用,芝麻酱怎么调稀,芝麻酱的制作方法,花生芝麻辣椒酱,六必居芝麻酱,颐香园纯芝麻酱,黑芝麻酱热干面,芝麻酱用什么机器,纯芝麻酱价格"
厂家直销,"佛山不锈钢板厂家直销,天然藤椅厂家直销,儿童玩具批发厂家直销,暴利产品货源,窗帘厂家直销,代理衣服厂家直销微商,广东佛山瓷砖厂家直销,水泥活动房厂家直销,陆林生二胡厂家直销"
香芋,"香芋的功效与作用,香芋怎么做好吃,香芋蒸排骨,中式糕点香芋酥,香芋和芋头的区别,腊味香芋炒饭,洋芋,小香芋,香芋红薯煲"
姜撞奶,"姜糖撞奶小说奶油小生,无疾骨科h不喝奶茶惹,辅酶q10的功效与作用,拴q被申请注册商标,红枣,甜奶硬喝,想吃甜品,她和奶茶一样甜,红糖姜茶小说姜淼陆时禹"
最新手机版下载,"jj手机版,手机版抖音官方下载,最新版手机qq,益盟手机版经典版下载安装,手机版qq下载,好用免费的手机刷机软件,手机系统下载,手机旺信最新版本下载,安卓手机模拟器电脑版官方下载"
天眼查,"天眼查官网登录入口,在哪里查询公司重名,天眼官网查询,天眼查企业信息官网,天眼查全国企业查询,企查查官网查商标,天眼查个人查询,天眼查官网官网入口,天眼查 企查查 启信宝"
王者荣耀,"王者荣耀游戏在线试玩,q王者荣耀官网,王者荣耀手q区服列表,王者荣耀英雄q版萌图,王者荣耀官网电脑版下载,王者荣耀励志台词,王者荣耀人物图片q版,王者荣耀李白q版图片,王者荣耀q版动漫人物"
整租,"58同城整租房源官网,整租一室一厅,深圳q房租房,租客网,整租是什么意思,安居客整租房子,租房,北京整租公寓,整栋楼出租"
烘焙新手,"学西点烘焙大概多少钱,从零开始学烘焙,烘焙入门必买清单,烘焙工具新手套装,最适合烘焙新手的食谱,去哪里学习烘焙,学甜品烘焙一般需要多久,烘焙怎么烘效果最好,如何开好一家烘焙店"
秋冬季,"女式秋冬季马夹,幼儿园温馨提示秋冬季,秋冬季疫情防控方案,老人男士秋冬季服装,秋冬季是几月到几月,唯美风景壁纸秋冬季,秋冬季容易脱发吗,秋冬季传染病预防知识,秋冬季工作服生产厂家"
老照片,"ps老照片翻新教程,智能修复老照片,严重模糊的老照片修复,老照片做成动态视频,老照片修复软件哪个好,老照片修复大师免费版,壹方中心老照片,老照片怎么修复清晰,怎样翻新老照片"
盗梦空间,"盗梦三国专属单职业,腾空间,虚拟空间哪家最便宜,龙族神途 盗梦空间,盗梦三国传奇服务端,免费领空间,创意空间qq,盗梦空间,赢地空间"
