百度搜索,"百度一下搜索爱采购,阿里云搜索引擎入口,百度首页百度i问财,百度一下搜索引擎,百度搜索视频转换器,有哪些搜索网站,怎么在百度上搜索到,百度搜索金丝铁线,百度搜索官网"
字节跳动,"字节跳动官网首页,自媒体是干什么的,字节跳动采购平台,字节跳动招聘官网首页,字节跳动员工福利,字节跳动官网官网,字节跳动公司待遇,字节跳动是干嘛的,字节跳动中台"
地铁,"中国地铁线路图,工业大风扇  地铁,地铁官方网站,q版地铁,地铁缺点,地铁隧道电缆支架,广州地铁q版模型,地铁安检定位,纽约地铁q线"
连衣裙,"桑蚕丝正品连衣裙清仓,2022年新款连衣裙,中老年女棉绸连衣裙,特价真丝桑蚕丝连衣裙,新款真丝连衣裙,香云纱连衣裙,中老年小碎花连衣裙,秋季连衣裙新款连衣裙,棉麻连衣裙"
摄影,"500px摄影网,伯爵婚纱摄影官网,莱卡q摄影作品图片,商业人像摄影,5次方摄影,高清专业摄影网站,一摄影师获刑14年,龙岗摄影大赛,摄影比赛投票结果"
土地,"中国土地招拍挂官网,土地管理法2021全文,土地租赁合同范本免费,土地增值税税务筹划,地图上怎样标识一块地,土地使用税征收标准,土地规划师报考条件,租土地在哪找,买土地"
简介,"大q宝李浠晗的简介,简单介绍,q版动漫简介,依思q品牌简介,q房网公司简介,袁隆平简介及主要事迹,长城的历史简介和资料,简洁的简历表,红楼梦简介"
时尚,"时尚芭莎杂志官网,vogue时尚网官网,爱q时尚网,睡衣女冬,美国时尚管理本科,时尚搭配网,蕾丝内搭,小香风服装拍摄,高端服装的领标"
画像,"q版名人画像,用户画像在线制作,q版自画像生成器,什么是自画像,水墨图片制作,人物画像,袁隆平q版画像,q版人物画像,客户画像 分析"
运动员,"q版奥运运动员,奥运会运动员q版图片,我最喜欢的中国运动员英语作文,运动员号码簿尺寸,搏击运动员赛前降重,体育馆运动员更衣柜,运动员代表宣誓词,运动员 普通专升本,滑雪高水平运动员"
三月,"三月的词语,三月简写,三月三的来历和风俗,三月三海报,三月礼品网,三月桃花水,三月扑城,阳春三月,三月月"
古董,"私人博物馆收购古董,7788古董网家具回收价格表,中国古玩网官网,商代青铜酒杯价值,古董古玩收藏交易网,古币,古董局中局之鉴墨寻瓷,全国上门收购古玩古董,最贵的古董"
超级英雄,"谁是超级英雄在线观看,dc英雄格斗游戏,最q超级英雄无敌版,冰雪复古传奇之盟重英雄电脑版,超级武器冰雪三职业,美漫之超级英雄之父,q版超级英雄简笔画,超级英雄动画片全集,超级英雄壁纸儿童房"
新华书店,"当当网网上书店官网,新华书城网上购书,新华书店网官网首页,淘宝书城网上书店,新华书店服务平台,网上书店官网,新东方图书网官网,孔夫子网上旧书店官网,当当网官网书店"
电影,"阿 q正传电影,电影网免费电影,maggie q主演的电影,maggie q电影,唐人街探案3电影q是谁,cctv老电影q奇袭,电影二次曝光未删减q,广东电影节目许可证,爱情电影qⅤod感人"
清洁剂,"去油污最强的清洁剂,不锈钢清洁剂,炉具清洁剂的主要成分,大公鸡清洁剂,铜丝网筛专用清洁剂,什么是酸性清洁剂,草酸清洗剂,地板清洁剂,清洁剂检测标准"
夜景,"城市夜景照片,透明屏,渲染夜景的软件,夜景亮化外立面,上海夜景,商业街夜景设计目的,航拍北京夜景,衢江区 夜景,半画幅夜景"
包邮,"天天特价9块9包邮,9元9包邮,空包礼品代发网,烟丝烟叶500g包邮批发,1688一元包邮,9块9包邮楚楚街,拼多多都是包邮的嘛,天天九块九包邮,男士棉袜 全棉包邮"
苹果公司,"苹果公司官网首页,apple公司官网,apple苹果官网,苹果公司企业文化,苹果公司在中国的总部,苹果公司新品发布会,苹果公司官网,苹果公司电话多少,美国苹果公司官网"
手机壳,"防摔手机壳,可爱型的手机壳,手机壳网站批发,硅胶手环手机壳,手机壳定制,磁吸式手机壳,散热型手机壳,个性手机壳,智能手机壳"
猫咪,"猫咪的q怎么控制,宠物猫,新版猫咪猫咪必火,q版猫咪拟人萌图,猫咪用品有哪些,猫咪q技能怎么拐弯,猫咪q版图片,猫咪喜欢什么样的猫窝,卖猫咪的网站"
喜欢电影,"电影学考研院校,2022你动漫电影,最喜欢电影的彭波小姐,广东电影节目许可证,电竞电影有哪些,第一电影,我不喜欢异地恋电影,喜欢你电影在线完整版,牛魔王电影网"
图片分享,"图片免费下载网,q版图片在线制作,q群ＩＣＵ图片,图库网,炭治郎q版图片 头像,图片库大全免费,读书分享图片背景图,批图免费,图片库网站"
潮流壁纸,"uopop壁纸,壁纸2022最新壁纸电脑,3d高清壁纸背景墙,电脑潮流壁纸,pupu壁纸,财源滚滚来电脑桌面壁纸卡通,哪个壁纸的动态最好看,壁纸高清电脑桌面壁纸,壁纸背景墙图片大全"
电脑主板,"电脑主板多少钱,2800的电脑主板,怎么装电脑主机,电脑主板哪个牌子最好,电脑主板是啥,计算机主板,家用电脑主板推荐,迷你电脑台式主机,组装电脑"
普通话考试,"全国普通话考试报名入口官网2022,2022普通话考试报名官网,普通话证书官网入口,全国普通话考试报名官网,2022年普通话考试官网,普通话考试内容题库,全国各地普通话考试报名考试官网,国家普通话考试官网,普通话考试查询入口"
高速,"中国峡谷高速公路,什么是tg快速路,高速最高时速是多少,高速路波浪护栏,山东高速集团,富士康高速口抢人,国家高速公路网,高速公路声屏障,建设高速公路土工布"
消防,"消防信息网官网,q版消防员萌图片,消防图例q代表什么,消防工程报考入口,消防员q版萌图,一级消防工程师,119消防网,消防学习,消防官网报名"
《精灵宝可梦》有哪些,"精灵宝可梦官网中文官网,j精灵宝可梦,pokemmo有什么方法不遇到精灵,精灵宝可梦最新一部叫什么,宝可梦有哪些,精灵宝可梦官网,樱花宝可梦,宝可梦,宝可梦全集"
大豆品种好不好,"合农71大豆品种简介,大豆品种分类,齐黄34大豆品种介绍,东生1号大豆品种简介,黑河43号大豆品种简介,绥农26大豆品种介绍,北大荒食用油质量怎么样,大豆种子种皮外有果皮包被吗,绥农76大豆品种简介"
如何画,"如何画漫画,在线绘图,凹凸世界简笔画q版,零基础学画图纸,如何画q版人物的头发,怎么画立体画,用二维怎么画人物,如何画技术原型,画图软件在线使用"
夏天,"夏天的特点有哪些,像夏天的可乐像冬天的可可,夏天环境描写,夏天的一天,冬春夏草,夏克立夏天,夏天的自然现象,在夏天,我要夏天"
儿童毛衣,"1一3岁儿童毛衣编织,现代儿童毛衣图案精选,儿童毛衣新款,男童毛线外套春秋季,儿童毛衣尺码对照表,儿童毛衣背心花样图,儿童毛衣绣花图案图纸,叶子儿童毛衣编织视频,儿童毛衣编织新款式"
羽毛球队,"中国羽毛球队现役队员,2022年毛陈社区羽毛球比赛,好象网球羽毛球两用包,先锋乒羽羽毛球直播,新新羽毛球队,羽毛球队名字大全,中国羽毛球队最新消息,猛攻型羽毛球拍,飞马羽毛球训练营"
星球大战,"星球大战免费完整版,环形帝国在线玩,星球大战之第四天灾,星球大战星球介绍,星球大战克隆人战争,星球大战在线游戏,愤怒的小鸟星球大战,星球大战观看顺序,中文星球大战"
哈士奇,"哈士奇多少钱一只,我是哈士奇大g憨狗去哪了,女神家的哈士奇天秀,q版哈士奇,哈士奇图片大全大图,哈士奇经典事件,三阳哈士奇可以上上海蓝牌吗,装高冷的哈士奇,哈士奇口水程度"
泰式料理,"咔空咔泰式料理,泰式风味汁的做法,迷你椰泰式大排档官网,多功能料理一体机,泰餐,泰式料理菜谱大全,泰式料理有哪些,外卖料理包批发,料理机"
豆浆,"豆浆的做法和配方,豆浆记忆官网,黑豆浆的功效与作用,谷逺粉,豆浆可以天天喝吗,石磨豆浆机,豆浆和鸡蛋能一起吃吗,喝豆浆的好处和坏处,商用豆腐豆浆机"
证书,"中科院心理咨询师证书,正规的ce证书,aec q200证书,ce证书,国际汉语教师证书官网,pmp项目管理资格证书,普通话证书查询,如何考pmp证书,人力资源管理师证书"
牛年大吉,"牛年大吉牛气冲天图片,2021牛年大吉,牛牛传奇官网,太牛,牛年大吉是成语吗,亿牛网,富途牛牛,牛年大吉图片壁纸,牛年大吉图片可爱卡通"
激光枪,"cs装备激光枪,民用防身激光枪,激光枪的威力有多大,麒麟激光手持焊接枪,枪激光射线的装备叫什么,速得尔激光枪,射频枪,深海迷航激光切割枪,激光器"
古典,"古典音乐频道,古典文学网,欧式古典电视柜,古典园林高清壁纸,古典吉他品牌,中国古典十大名曲播放,古典红木沙发,古典背景图,模型古典装饰公司"
装饰墙布,"中国墙布十大品牌排名,墙布价格多少一平方,墙布的优缺点,领绣墙布官网,纯棉装饰墙布,墙布,墙布十大品牌排行榜,装饰墙布图案大全图片,墙纸墙布师傅平台"
海购店,"1号店1号海购官网,摩登百货海购店,海淘网站,海购平台,酷先生海购便利店,1号店海购,海淘免税店,考拉海购线下店,阿里巴巴海购"
牛角面包,"牛角面包和可颂的区别,好利来三角脆皮软蛋糕,牛角面包的做法大全,羊角面包和牛角面包,开窗牛皮纸面包袋,老式面包,面包里夹什么好吃,牛角面包怎么做,牛角梳的功效与作用"
四川省,"四川省人力资源考试,2022年四川省省直嶙选进面,四川省新产品证书,四川省装配式建筑文件,四川省修复防治院,四川省概况简介,四川省人民政府官网,四川省从业资格证查询,四川省经信委职称评审"
小卖部售货亭,"小卖部进货渠道,小卖亭,售货亭,神豪从小卖部开始签到,小卖部售货员岗位职责,自助售货柜,小型售卖机,现代小卖部岗亭,小卖部货架"
红木沙发垫,"新中式红木沙发,红木沙发图片及价格,中国红木家具网,红木古典家具低价出售,木沙发垫子整套新款,京东商城红木沙发,红木沙发坐垫中式,红木沙发,红木家具种类10万"
合同范文,"免费合同范本大全,合同范本2021合同范本大全,装缷合同范本,合作协议合同范本,商铺租赁合同范本免费,劳务合同范本免费下载,经销商合同范本免费,加盟合同样本,入股协议书范本合同"
电话诈骗,"00853开头的诈骗电话,853开头的电话诈骗,0431开头诈骗电话,派出所打电话说我浏览了诈骗网站,接诈骗电话提供姓名电话会不会有危险,网警诈骗举报电话,诈骗电话查询中心,接到诈骗电话怎么举报,被网络诈骗了几十万拨打那个电话"
博物馆,"网上3d博物馆入口,博物馆展陈设计,m博物馆,2022国际博物馆日主题,数字博物馆网站,北京故宫博物馆,博物馆智慧,镇妖博物馆 笔趣阁,博物馆3d网上展览"
扩音器,"u盘 加扩音器,无线小蜜蜂扩音器,大功率扩音器,二胡专用无线扩音器,便携式扩音器,鑫顺河扩音器电池,二胡神器扩音器,口琴扩音器,展厅讲解扩音器"
脑区神经元,"pi神经元夜晚觉醒,12对脑神经记忆口诀,修复脑神经的最佳中药,vmh脑区gaba神经元,脑神经元细胞结构,北师大版神经系统与神经调节ppt,脑与神经疾病杂志,受损脑神经元修复,营养脑神经有什么药"
棉花,"棉花有几种,大渊博棉花交易中心,中国棉花信息网官网,棉花认证BCI机构,棉花行情,棉花气象服务,棉花期货实时行情,棉花期货一点多少钱,棉花种仔测定仪器"
大概需要多少钱,"做个ct大概需要多少钱,开一个网店需要多少钱,学烘培大概需要多少钱,开一个花店大概需要投资多少钱,做一个小程序需要多少钱,成高大概需要多少费用,拔个牙大概需要多少钱,做一个招牌大概需要多少钱,一个网店前期大概需要多少钱"
答案及解析,"答案网免费答案,2022真题答案,护师题库及答案解析,作业帮在线解答,物质的量专题训练答案及解析,在线解题平台,答案网在线使用,答案解析网,集合题目带答案解析"
申论,"申论范文30篇背诵2021,2022年申论必背50篇,公务员申论真题及答案,2014年国考申论真题,申论格子纸免费下载,申论范文精解80篇,2022国家公务员申论真题及答案,申论考什么,省考申论和国考申论"
考试试卷,"a4的考试试卷模板,考试试卷word模板,新员工入职考试试卷,合格性考试冲刺试题,考试卷子模板,试卷网官网,一年级期末考试试卷,满分考试题模拟考试,司法考试试卷真题"
三星,"三星手机官网旗舰店官方网,samsung三星官网,三星官网手机,三星qa65q70aajxxz,三星手机官网旗舰店,三星简介,三星sam,三星官方网首页,三星samsung官网"
你想到了什么,"我从什么的身上感受到了什么的美,一个英语单词大概意思询问是发生了什么事,说到中国你想到了什么,今天我看到雪使我想起了你中的你指的是,心里想什么看到的就是什么那句话,吸引力的定律找到你想对你说什么歌,陈桐对微笑说了什么,提起青春你想到了什么,读了马诗你想到了什么"
火锅,"安井火锅食材加盟店,红99火锅底料重量,火锅店装修设计,火锅菜单大全,火锅底料十大名牌,重庆火锅,全国火锅培训机构,奇火锅火锅,成都火锅加盟排行榜"
中国古典诗词,"中国古典诗词精品赏读,诗集出版,中国经典古诗词大全,中国古典诗词朗诵视频,中国古典诗词常用典故,中国古典诗词的魅力,浅谈中国古典诗词之美,古代诗歌中的典型意象,体现中国古典音乐"
书法,"书法屋官网,硬笔颜真卿行书,国外出版的书法字帖,书法墨汁淘宝,如何学写行书,书法行书洛阳,书法入门,中国书法网,书法网"
藕,"面藕怎么做好吃,行唐掌圈招聘,莜芽口腔,无糖纯藕粉哪里买,藕的做法大全家常菜,藕的作用与功效,铁观音详情页,面藕,桂花糖藕"
热搜第一,"热搜榜排名昨日第一,360搜索热榜一你的专属榜单,抖音上热搜的条件,微热点,肖战一笑泰国热搜第一,微博热搜第一,今日热搜榜官网,百度热搜榜,淘宝每日top热搜词"
效果好不好,"可善挺的效果,hdmi转dvi效果好不好,虾皮补钙效果好不好,印度代购希爱力双效片效果好吗,好的灵芝孢子粉与不好的区别,微创补漏效果怎么样,辅酶q10怎么吃效果好,软函甲康灵效果怎么样,e光脱毛效果好不好"
移动空调效果好不好,"移动空调好不好到底适不适合买,移动小空调冷暖两用空调怎么样,lx02移动空调,可移动空调的优缺点,小艾移动空调,移动空调哪个牌子好,新一代节能挂星式移动空调,移动空调好不好,移动小空调制冷效果怎么样"
农家土菜,"农家土菜大全图片,乡下的土猪拱城里的白菜,一亩三分地农家店各种蔬菜苗,田园有喜农家小白菜,农家新鲜蔬菜商城,农家小地主苏木兰,农家土菜介绍,农家土菜广告语,衡东土菜菜谱大全图片"
质量管理体系认证有哪些,"质量管理体系认证查询官网,9001质量管理体系认证,质量管理体系认证证书在哪里办,质量认证体系有哪几种,noa质量管理体系认证,iso9001质量管理体系认证是什么样的,质量管理体系认证包括哪些,管理体系认证有哪些,质量管理体系认证证书企业必须要有的吗"
农家土菜爆豆角的做法,"农家酸豆角,农家自制黄豆酱的做法,家常茄子炖土豆,农家土菜介绍,土豆好吃的做法,炒土豆块,农家菜谱家常菜做法,农家小炒肉的做法,农家土菜广告语"
中国留学生,
印花卫衣,"3d数码印花卫衣,衣服印花设计网,卫衣上的印花怎么去掉,聚酯纤维高领卫衣,白色男卫衣,有哪些印花好看的logo网站,大牌的印花图案在哪里找到,卫衣印花工艺,印花简约卫衣英文"
匹克,"匹克官方旗舰店,nikedunksb芝加哥,匹克大三角,耐克sbdunklow,匹克篮球鞋,匹克官网,匹克,匹克闪现3,匹克态极"
牛仔外套搭配,"牛仔外套搭配图片女,罗蒙西装外套好吗,男灯芯绒夹克搭配,男士牛仔外套怎么搭配,外套男,外套淘宝,牛仔外套女韩混色,中长款牛仔外套搭配,牛仔外套"
山西特产,"山西特产有哪些,贡天下山西特产网官网,山西十大特产介绍,山西特产排行榜前十名,山西特产是什么,山西特产大全,山西特产 著名小吃,山西特产专卖店,山西土特产商城"
正版,"奇迹mu正版官网,正版steam官网入口,win7旗舰版官方正版,正版win7系统下载官网,正版电脑系统一键重装,minecraft正版下载,win10正式版,管家婆正版,捕鱼游戏大全正版"
泰国旅游,"云南旅游官网首页,泰国旅游攻略自由行,泰国大学排名一览表,泰国养老签证,泰国旅游景点大全介绍,泰国开放旅游最新消息,去泰国旅游需要多少钱,中国女排不敌泰国队,泰国留学"
钢琴,"钢琴入门自学教程,新钢琴怎么搬,梦中的婚礼钢琴谱,钢琴曲轻音乐纯音乐,一般钢琴多少钱,钢琴哪个牌子好,钢琴是否算艺考,专业搬运钢琴公司,在线钢琴"
烤肉锅,"石锅烤肉都有什么食材能烤,锅圈无烟烧烤锅,蒸锅,涮烤一体锅,小核桃烤肉 装修,锅圈食汇的红色的烤锅叫什么,烤肉店网红墙,电烤锅家用烤肉锅,锅锅灶"
云南,"云南官网首页,云南蝴蝶大爆发奇观,云南旅游攻略,云南人才网,云南政务服务网,云南省电子税务局,云南地图,云南海天考研,云南招聘网"
圆周角定理,"直径所对的圆周角是直角是什么定理,如图在一个平面内三个单位向量tan7,1周角等于多少平角等于多少直角,已知点p34在角的终边上则cos,勾股定理只能用于直角三角形吗,圆周角定理及推论,在钝角三角形画两个等腰直角三角形,帕斯卡的故事验证三角形内角和,为什么圆周运动四分之一圆不会脱轨"
走进森林,"跟随小鹿走进森林作文,梦境侦探这颗小树和整个山的植物都不一样,森林与人类,森林防火监控塔,走进森林阅读理解答案,我匆匆的走进森林中,黑导航森林,森林,走出森林的小红帽"
手工制作,"小手工制作简单又漂亮,废物利用手工小制作,手工制作礼品盒,手工活之家官方网站,昆虫的家 手工 制作,橡皮泥手工制作小动物,折纸手工制作大全,手工制作简易吸尘器,手工制作布艺沙发套"
东北特产,"东北有什么特产,东北特产有哪些小零食,东北特产批发市场,东北特产不是黑社会,东北特产介绍,东北特产有哪些干货,东北特产有哪些土特产,东北有什么好吃的特产,东北特产美食"
模拟试卷,"初二生地会考模拟试卷,2022年二建模拟试卷,免费试卷网,2022仿真模拟卷语文,全真模拟试卷,小升初模拟试卷语文,试卷生成器免费版,小考数学模拟试卷,城乡规划模拟试卷"
游戏下载,"qq游戏大厅官方下载,快玩游戏盒子官网下载,stme游戏平台官方下载,37游戏平台官网下载,电脑游戏下载平台,stem游戏官网下载,不用下载的游戏,游戏游戏大全下载,劲舞团官网游戏下载"
证券,"东方证券官网首页,q银河证券,证券网站官网,中国证券业协会,证券交易平台,银河证券官方下载,第一证券,证券从业资格考试,中信证券至信版"
浙江,"浙江靓号,浙江新和成辅酶q10,浙江在哪个省,浙江省电子税务务局,浙i,浙江会计师,浙江企业群,浙江人事考试网,浙江省浙江市"
芝麻酱,"芝麻酱的功效与作用,芝麻酱怎么调稀,芝麻酱的制作方法,花生芝麻辣椒酱,六必居芝麻酱,颐香园纯芝麻酱,黑芝麻酱热干面,芝麻酱用什么机器,纯芝麻酱价格"
厂家直销,"佛山不锈钢板厂家直销,天然藤椅厂家直销,儿童玩具批发厂家直销,暴利产品货源,窗帘厂家直销,代理衣服厂家直销微商,广东佛山瓷砖厂家直销,水泥活动房厂家直销,陆林生二胡厂家直销"
香芋,"香芋的功效与作用,香芋怎么做好吃,香芋蒸排骨,中式糕点香芋酥,香芋和芋头的区别,腊味香芋炒饭,洋芋,小香芋,香芋红薯煲"
姜撞奶,"姜糖撞奶小说奶油小生,无疾骨科h不喝奶茶惹,辅酶q10的功效与作用,拴q被申请注册商标,红枣,甜奶硬喝,想吃甜品,她和奶茶一样甜,红糖姜茶小说姜淼陆时禹"
最新手机版下载,"jj手机版,手机版抖音官方下载,最新版手机qq,益盟手机版经典版下载安装,手机版qq下载,好用免费的手机刷机软件,手机系统下载,手机旺信最新版本下载,安卓手机模拟器电脑版官方下载"
天眼查,"天眼查官网登录入口,在哪里查询公司重名,天眼官网查询,天眼查企业信息官网,天眼查全国企业查询,企查查官网查商标,天眼查个人查询,天眼查官网官网入口,天眼查 企查查 启信宝"
王者荣耀,"王者荣耀游戏在线试玩,q王者荣耀官网,王者荣耀手q区服列表,王者荣耀英雄q版萌图,王者荣耀官网电脑版下载,王者荣耀励志台词,王者荣耀人物图片q版,王者荣耀李白q版图片,王者荣耀q版动漫人物"
整租,"58同城整租房源官网,整租一室一厅,深圳q房租房,租客网,整租是什么意思,安居客整租房子,租房,北京整租公寓,整栋楼出租"
烘焙新手,"学西点烘焙大概多少钱,从零开始学烘焙,烘焙入门必买清单,烘焙工具新手套装,最适合烘焙新手的食谱,去哪里学习烘焙,学甜品烘焙一般需要多久,烘焙怎么烘效果最好,如何开好一家烘焙店"
秋冬季,"女式秋冬季马夹,幼儿园温馨提示秋冬季,秋冬季疫情防控方案,老人男士秋冬季服装,秋冬季是几月到几月,唯美风景壁纸秋冬季,秋冬季容易脱发吗,秋冬季传染病预防知识,秋冬季工作服生产厂家"
老照片,"ps老照片翻新教程,智能修复老照片,严重模糊的老照片修复,老照片做成动态视频,老照片修复软件哪个好,老照片修复大师免费版,壹方中心老照片,老照片怎么修复清晰,怎样翻新老照片"
盗梦空间,"盗梦三国专属单职业,腾空间,虚拟空间哪家最便宜,龙族神途 盗梦空间,盗梦三国传奇服务端,免费领空间,创意空间qq,盗梦空间,赢地空间"
盗梦空间,"盗梦空间陀螺作用,盗梦三国专属单职业,盗梦空间结局官方解释,盗梦笔记页游,盗梦空间免费完整版,龙族神途 盗梦空间,盗梦空间介绍ppt,盗梦空间几层梦境,盗梦空间管理系统"
,"歇后语小故事大全简短,景阳冈视频教学视频,材料品质因子q的物理意义,电路的Q值是啥意思,时透无一郎lofter,cxsceeacn成绩查询,地震逃生手抄报,在家上网课的心得体会,Q值最高的传输线"
深圳,"深圳官网首页,q房网深圳总部,深圳q房网投诉电话,深圳恒路q,深圳深德技校,i深圳,深圳本地宝,q房网深圳二手房出售,深圳肤康医院q"
柿子,"榛子多少钱一斤,柿子的功效与作用,我怎么还活着 柿子鲸,柿子的寓意和象征,毛球挂件柿子红了,柿子树图片,柿子树的种植与管理,柿子水果礼盒,脆皮柿子"
教父,"steam教父游戏,娱乐圈教父老贼,线棍子,懵懂的猪黑金教父,教父解读,教父1电影免费完整版,外科教父笔趣阁,我在异界当教父,python教父缪雪峰"
去屑洗发露,"飘柔滋润去屑洗发露,百草堂去油去屑止痒洗发水,海飞丝男士去屑洗发露,雨洁去屑洗发露怎么样,域发款冬去屑洗发露,太宝亮爽去屑洗发露,露华浓绿茶去屑洗发露,净町去屑洗发露,去屑洗发水排行榜"
洗发露,"洗发露哪个牌子好,可乐洗头需要洗发露吗,拉芳柔顺洗发露价格,洗发露怎么有效检测,懒伊生洗发露,六神无硅油洗发露,雅倩洗发露广告,飘柔洗发水,洗发露品牌排行榜"
加勒比海盗,"加勒比捕鱼电脑版,加勒比海盗在线观看,加勒比海盗免费完整版,加勒比海盗世界尽头,加勒比海盗四海之怒,加勒比海盗5 死无对证,加勒比海盗1免费超清,加勒比海盗5迅雷下载,加勒比海盗死无对证"
中医,"中医网官网,中医执业药师报考条件,中医入门必背歌诀,中医学自考本科,前列腺增生中医病历,早泄的中医医案,中医师承,中医诊所软件哪个好,中医专长医师资格考试"
铁锅,"铁锅哪个牌子好,铁锅开锅的正确方法,8印大铁锅多少钱,章丘铁锅旗舰店,铁锅生锈怎么处理,苏泊尔炒菜铁锅,生铁锅品牌,生铁锅和熟铁锅哪个好,华邦铁锅官网"
得宝,"得宝纸巾官网,易得客,得宝和维达是什么关系,广东得宝食品有限公司,企得宝erp登录,来宝商城,嘉得宝旗舰店,康得宝益生菌,得宝迷你手纸帕"
纸巾,"洁柔纸巾官网,深夜请准备好纸巾,纸巾批发厂家直销,可粘墙壁上的檫手纸纸巾盒,德宝纸巾,湿纸巾商品详情图,扫码感应纸巾机,钱夹式纸巾,纸巾盒八部合集"
拖鞋,"拖鞋十大品牌,男凉鞋,脚垫,匹克拖鞋,皮鞋货源,拖鞋收纳方法如下,老年防滑拖鞋,一次性拖鞋价格,毛毛拖鞋加工厂"
长寿之乡,"中国长寿之乡巴马村,百岁老人长寿养生之道,长寿之乡的评定标准,走长寿企业之路,中国长寿之乡最新排名,贺州长寿之乡,如皋长寿之乡介绍,广西巴马世界长寿之乡,世界五大长寿之乡"
山东,"鲁q是山东哪里的车,山东省官方网站,山东会计初级报名入口,山东泄爆墙,山东q235方管供应商,山东q195镀锌钢管报价,聊城市招聘信息网,青岛山东,山东信息港"
望春花,"望春花的功效与作用,银雪草,红花林,望春花和玉兰花,望春山,花下客,望春山假面的盛宴,望桃花,望春花简谱歌谱完整版"
视界,"v视界影视在线观看,云汇视界官网电脑版,可视化屏监视,镜面电视,v视界影院,新视界影院免费电影,视无界镜片怎么样,看世界视频素材,视屏线"
玫瑰花,"花店里面99朵玫瑰花要多少钱,11朵玫瑰花多钱,玫瑰花图片大全大图,q版玫瑰花怎么画,卫生纸玫瑰花的折法,手工制作玫瑰花,永生玫瑰花多少钱一朵,一束玫瑰花的价格,玫瑰花的功效与作用"
高尔夫球,"高尔夫球基本知识,高尔夫球入门视频,中国高尔夫球协会官网,家用高尔夫球模拟器,便宜的高尔夫球,进口高尔夫球车销售,室内高尔夫球设备,购买高尔夫球,透明高尔夫球包"
皮肤,"qq微博皮肤,屁股皮肤大片白斑,qq面板皮肤,豹女哪个皮肤q看不见,奥奇传说女帝q版皮肤,马超fmvp皮肤,鼠标指针皮肤,完美可以抽皮肤吗,q皮肤图片"
贵州茅台,"贵州茅台集团官方网站,贵州茅台多少种微生物,茅台官网首页,贵州茅台镇十大酒厂,贵州茅台酒价格表官网,贵州茅台酒集团官网,贵州茅台厚礼纯酿,贵州茅台股票行情,贵州茅台集团官网首页"
采莲图,"江南采莲的图片,图库网,q235钢材价格走势图,荷花图,猎雁图,采莲赋图片,采莲,采菱图,蘘荷图片"
樱桃小丸子,"樱桃小丸子免费全集,樱桃小丸子电脑壁纸,樱桃小丸子人物介绍,樱桃小丸子果肉果冻,樱桃小丸子安德烈,樱桃小丸子第二部,樱桃小丸子手机壳,樱桃小丸子打电话,樱桃小丸子简介"
海报设计,"免费海报设计模板,懒人海报设计,海报模板在线制作免费,设计坞在线海报制作,海报设计大师官网,海报设计发布平台,海报自制,海报千图网,海报设计在线生成"
葡萄,"大q葡萄酒,徐冬冬的葡萄有多大,葡萄酒废水预处理,无纺布葡萄套袋,葡萄的种类,大昌村葡萄灌溉,葡萄架防腐木,葡萄酒酿制设备,葡萄q版"
葡萄汁,"葡萄酱,苹果汁胆结石排除法,康师傅青提葡萄1l,葡萄冰和柚子汁,葡萄酒与美食的,葡萄糖厂家直销,苹果汁降膜蒸发器,葡萄味饮料,食品级葡萄糖供应商"
毛绒玩偶,"毛绒玩具生产厂家,毛绒玩具属于什么垃圾,毛绒玩具哪个品牌好,毛绒玩具猪猪抱枕,毛绒玩具布料种类,毛绒玩具定制熊猫,毛绒玩具工厂,毛绒玩具招聘信息,毛绒玩具激光切割"
伯恩山,"伯恩山犬多少钱一只,伯恩山和圣伯纳的区别,伯恩山寿命短的原因,伯恩山犬为什么养的少,伯恩山犬智商排名,伯恩山是不是禁养犬,伯恩山犬的优点和缺点,伯恩山犬价格,安德森伯恩"
印度,"印度视频在线观看,印度人配人种是免费,印度毛茸苜b,在哪能买到印度版尼达尼布,印度代购的正规网站,印度ⅩⅩⅩ18,中国出口到印度工厂,印度tv q gwj,必拓维印度"
倒排,"项目进度倒排工期表,project倒排工期,报告厅座椅排列错位排列,冒泡排序梯形图,倒排时间节点,倒排工期表模板,倒排工期是什么意思,倒排工期 挂图作战,倒排工期 压茬推进"
AT&T,"atq2013骨架,at24c256c sshl t,阿里云,at45db161e shd t,淘宝网,一盒tt是什么,not at all,at present,at times"
B超,"b超是检查什么的,彩超和b超的区别,a超和b超的区别,做b超需要空腹吗,b超可以看出甲状腺是4a还是4b吗,男性b超检查项目,做一次b超多少钱,早孕b超正常报告单图片,怀孕b超多久能测出来"
c#,"编程,辅酶q10的功效与作用,c语言教程,c菜鸟,c尔,类连c的,c使用,c函数库,c数组"
C#,"编程,辅酶q10的功效与作用,c语言,c是什么,c源码,c代码,c编程,栈c,c栈"
c++,"编程,辅酶q10的功效与作用,c语言,在线c编程,cy语言,c语言零基础,我的编程,编程语言c,c编程"
C++,"编程,辅酶q10的功效与作用,c语言,在线c编程,cy语言,c语言零基础,我的编程,编程语言c,c编程"
T恤,"t恤图片,v领冰丝t恤,高档冰丝t恤,有带上口袋的t恤衫卖家吗,买t恤网站,淘宝商务t恤,男装t恤,短袖白t恤,t恤素材库"
A座,"血型a和a是什么意思,az是啥意思,a01是什么意思,走a是什么意思,信立泰契约锁,otf配线架,q型圈,b座,s w a q q y p"
A股,"炒股,股票在线看盘电脑版,沪深a股的股票代码有哪些,股票a股怎么分,股票选股,股票大盘走势图,融资买股,股票a市,股票是怎么买"
A型,"什么是a型行为,o型和a型血,16型人格的a和t,q型电装,a1a的最值,自保副型的特点,q900型压型钢板,a字模型,s型函数"
A轮,"被动轮滚动,页轮,福马轮,惯性轮,一轮,机轮,芦轮,固定轮,齿轮厂出租"
AB型,"ab型血的特点是什么,r型理线夹,若ab为两个向量则2ab3ab,在abc中若a3cosb63bc6则ac,b型和ab型的孩子血型,ab32ab求ab的值,ab型能生出o型吗,ab型快干水泥哪里买,ab型血为什么叫变态"
B座,"bu和bg的区别,重锤座q235 价格,bz是啥意思,bzzb是什么梗,过线固定座,ba和rb,bg和bu是啥意思,b座,b4是什么意思"
B股,"a股b股h股,b股交易规则,a股现在有多少只股票,股票最低买多少股,b股票是什么意思,股票比价指标,b股a股的区别,股票在线操盘,新股票在哪里可以买"
B型,"血型b,hdpe增强缠绕管 b型,b型性格特点,z型,q型血,y型,龙头股实战版,d型,blxa型"
B超,"b超是检查什么的,彩超和b超的区别,做b超需要空腹吗,b超多少钱一次,b超积液图腹腔,b超怎么看男女,b超和彩超有什么区别,b超彩超,怀孕多久可以做b超"
B轮,"单边轮,轮带,带轮l齿形hwas,链轮a和b有什么区别,1um分级轮,d轮,q235b钢管,b轮,r型线扣"
BB机,"bp机还是bb机,重力手机架,q355方管哪里有,普阳q550d 钢板,cb机,最后的bb机消失在哪,机器人商场,可乐机多少钱,rustbb机频道"
BP机,"bp机是哪一年有的,1ib是多少g,bp 700kii打印机驱动,bp 635k打印机驱动,在q a bp式中,1mbps等于多少bps,移动b超机多少钱一台,道友bp均质机,bp上料机"
C盘,"c盘清理免费版,c盘红色爆满怎么处理,怎么免费处理c盘,c盘搬家360,c盘的哪些文件可以删,c盘在哪里打开,c盘一般多少g,电脑c盘变成了红色,c盘格式化后怎么办"
C座,"电子座牌,承重模块,c啥意思,fcc的图标,线槽,c座,c线,c位直达,a座"
C语言,"c语言编程入门自学,c语言必背18个经典程序,编程语言python,c语言教程,编程python,c语言编程软件,c语言网站,菜鸟c语言,c语言入门自学"
CD盒,"cd包装盒,di盒,cd盒上的cdkey密码,q pcr试剂盒,纸抽盒定制,汽车cd机改家用音响盒,cdr90迷你版,cd盒尺寸,cd是啥"
CD机,"国产发烧级cd机,音质最好的cd机,cd机什么牌子音质好,马兰士cd机,进口十大发烧顶级cd机,卡片机,cd机用电子管摩改,二手cd机,用电子管摩cd机"
CALL机,"机q键盘,call机怎么用,手机呼叫软件,福玛 q清洗机,q300热敏打印机,milli q超纯水机,没说就是零卡,q500无人机,q450铆钉铆接机"
D盘,"d盘不见了怎么恢复,win7桌面从c盘移到d盘,c盘软件迁移到d盘,电脑d盘e盘突然不见了,d盘空间不足怎么清理,d盘是干嘛的,我的文档转移到d盘,c盘满了怎么移动到d盘,d盘格式化如何恢复"
D座,"口座,座管,arima模型p q d确定,d341x 10q什么意思,过线固定座,1图怪兽,图德,d插口座,t是多少"
D版,"封版,隔版,国行版steam,澳洲版辅酶q10,q版图片在线制作,q将三国网页版,d版,xd网页版,d下载"
E盘,"电脑找不到d盘e盘f盘,e盘怎么清理,几件云盘,e盘f盘不见了怎么恢复,e盘文件删除怎么恢复,e盘是干什么的,怎么清理e盘空间,e盘在哪里,e盘满了怎样清理"
E座,"座台,过线固定座,美的clds10e q,q版狮子座,秒德,e等于几,e洛盟,log以e为底,e是多少"
E化,"同质化指数,去ioe化,单一化,e化是什么意思,最小化,聚化铁,被边缘化,无纸质化,腾讯云可视化"
E通,"q e窗通,江苏通1号 q,畅捷通网页版,财富e号通官方下载,财付通手q支付是什么,瑞e通,e畅通,e讯通,e融通"
F盘,"def盘不见了怎么恢复,f盘是什么,e盘f盘不见了怎么恢复,磁盘在哪里打开,电脑找不到d盘e盘f盘,f盘不见了如何恢复,d盘在哪里,电脑不显示e f盘,f盘格式化了怎么恢复"
F座,"t或f是什么意思,座子挡圈是什么,做个t是什么意思,电子座牌,b22卡口灯座,过线固定座,del f a q 1 rd s q 1,f中间一个o是什么符号,otf配线架"
G盘,"云硬盘,盘0,软盘,格盘,g盘是什么,中g惊q先生,q g c tg th,公用网盘,z盘"
H盘,"盘0,软盘,整盘,套盘,叼盘,红盘,胶盘,空盘,价盘"
H股,"股票走势图,h股全流通是什么意思,a股h股是什么意思,abh股的区别,股票在线实时行情,h股和a股的区别,b股转h股有哪些股票,ah股上市公司名单,a股最贵的股票前十名"
I盘,"i line盘,i line盘是什么,云硬盘,爱盘,简盘,可盘官网,i盘是什么,移动电盘,盘系统"
IC卡,"门禁卡id卡和ic卡区别,ic卡芯片,非接触式ic读卡器如何读取ic卡信息,ic卡是什么,电子卡商城,ic卡种类介绍,ic卡门禁系统,什么是ic卡,ic卡刷卡数据从哪里获取"
IP卡,"ip卡是什么卡,长效ip购买,ip卡和ic卡的区别,hp增霸卡v7 ip设置,电话ip卡17900,ip长途电话卡如何使用,手机卡ip地址,永久免费换ip软件,ip地址怎么修改不卡"
IP电话,"虚拟电话平台,ip网络电话机,电话ip地址归属地查询,ip可视电话,ip电话是什么交换技术,ip电话系统,电脑ip电话软件,什么是ip电话,如何修改电话ip"
IP地址,"在线ip地址查询,ip地址ip地址查询,ip地址转换器在线,百度一下ip地址,2022修改电脑ip地址,ip地址在线查询工具,怎么查网址的ip地址,ip地址查询详细地址,动态ip地址免费版"
K党,"14k党,kkk党,柏林招k商g,荒野大镖客23k党,中国党,扑克中j q k代表什么,黑桃k和红心q,k党,三 k 党"
K歌之王,"电脑录歌软件免费版,k歌之王软件电脑版,必唱歌智能k歌机,全名k歌唱歌的时候伴奏很小是怎么回事,无线麦克风k歌神器一拖二ktv,k歌之王 陈奕迅国语,k歌之王歌词粤语歌词,k歌之王国语版歌词,k歌之王 歌词"
N年,"年版,数年,q n怎么读,n z q r分别代表什么,q n r总,q n同音字,集合r n z q,k l m n o p q,j k l m n o p q r"
O型,"血型o是什么意思,什么是o型腿,o型跟什么血型溶血症,o型电动球阀  型号,o特公式,o型密封圈及沟槽尺寸,s型函数,o有正价吗,ow型"
PC机,"工业pc机是什么,模型驱动低代码平台,个人电脑简称pc机,pc1602ars cwa a q,什么是pc机,pc软件,q300热敏打印机驱动,quick q pc版下载官方,q sun日晒试验机"
PH值,"酸碱度ph值表,ph值是什么意思,ph计图片,土壤ph值的测定,ph多少是酸,什么是ph值,水的ph值是多少,ph值检测仪,国内主流ph值传感器"
SIM卡,"nano sim卡是什么意思,sim卡被锁了怎么解锁,sim卡多少钱一张,手机sim卡突然无服务,esim卡怎么办理,苹果12显示无sim卡,中国移动sim卡招标,sim卡密码怎么设置,sim卡是什么卡"
U盘,"u盘格式化恢复工具,u盘不能读取怎么办,三星q470u盘启动设置,q u盘启动盘制作工具,u盘恢复大师免费版,怎么用u盘系统,u盘启动盘制作工具,u盘网官网,u盘修复工具"
VISA卡,"visa卡是什么卡怎么办理,万事达卡和visa卡区别,visa信用卡怎么申请,信用不好可以开visa卡吗,国内visa信用卡可以收款吗,visa信用卡是什么卡,visa或master信用卡,visa信用卡号码大全,visa卡怎么办理"
Z盘,"网存盘,整盘,套盘,盘0,中盘,做盘,简盘,z盘是什么,n z q r分别代表什么"
Q版,"q版图片在线制作,q版动漫人物,q宝,青色底板,qq版官网,q无,q的,快ui,网页q版游戏"
QQ号,"申请qq号免费立即申请,爱q官网买qq号,qq号注册新账号官网,20年q龄的qq号,免费注册帐号qq,腾讯qq客服公众号,高q龄qq号,qq号的q龄怎么查,qq号申请免费申请号码"
RSS订阅,"foxmail rss订阅地址,科学网rss订阅源,rss是什么意思,rss feed,rss订阅的不足,rss源地址订阅大全,有赞平台官网,我的订阅订阅管理,主流的rss订阅软件"
T盘,"云盘,腾讯云盘官网,爱盘,我的盘,金山t盘官网,阿里云盘10t永久激活,a盘登陆,uc盘,w盘"
X光,"ct和x光有什么区别,3d检测x光,便携式x光机,x射线源对被测物体连续成像2次,安检是x光吗,x光片是啥颜色的,x光机异物检测机,智慧x光安检仪,x光焊缝探伤仪"
X光线,"光的直线传播现象图片,光线存在吗,平行光线,反光镜3线5线7线区别,抛物线的光学性质,x射线源对被测物体连续成像2次,匀速直线运动xt图像,口腔x线一次成像rvg,已知直线yx1与曲线ylnxa相切"
X射线,"x射线和伽马射线的区别,微焦点x射线源,x射线源对被测物体连续成像2次,什么是x射线,双能x射线骨密度,x射线衍射步骤,x射线的能量测量,工业用x射线机,x射线产生的原因"
γ射线,"y射线是什么,直线射线线段练习题,国产微焦点x射线源,工业用x射线机,rt射线,什么是x射线,放射性核素测试,X射线异物检测机,x射线的应用"
T恤衫,"t恤衫品牌排行榜,t恤衫图片大全,湖兰色t恤polo衫,国际品牌男装t恤衫,翻领t恤衫,衣服t恤,鳄鱼t恤衫男短袖,t恤衫厂家简介,全棉长袖冬装t恤衫"
T型台,"t型台图片,吊环 10t q235 u型,工字型钢脚l型台,装配平台t型槽的作用,工作台t型槽尺寸标准,t型槽工作台规格,t型台的体积公式,小型t型槽铸铁平台,t型螺栓"
T台,"tnt舞台,台t,订台,t腾讯官网,t台走秀视频,腾讯云cos,t家,t房,tt控台"
4S店,"4s店管理系统,4s汽车店官网,4s店是什么意思,4s店展厅布置,奥迪在线4s店,4s店管理制度大全,林肯销售4s店,4s店是哪4个s,汽车售后软件"
4s店,"4s店管理系统,4s汽车店官网,4s店是什么意思,奥迪在线4s店,买车去4s店还是汽贸店,网上刚买车辆,4s店订车后喜报模板,在4s店贷款买车的猫腻,怀化永臻汽车销售服务有限公司是4s店吗"
江南style,"江南style歌曲播放,seeu版江南style,江南style哔哩哔哩,江南stylepsy鸟叔,骑马舞 江南style原版,江南style骑马舞,高亦欣江南style,奥巴马江南style,江南style现场版"
江南Style,"江南style歌曲播放,seeu版江南style,江南style哔哩哔哩,骑马舞 江南style原版,江南style骑马舞,高亦欣江南style,奥巴马江南style,psy 江南style 倒放版,江南style现场版"
1号店,"一号店网上商城首页,1号店官网首页,壹号礼品,1号电商平台礼品网,隐形人电商礼品网,1元礼品网代发,电商1元课程,1号店1号商城,1号店自营店"
小S,"小s货再浪些再咬紧点,大s和小s是什么关系,腾讯要,qq小冰,s点,汪小菲发文怒怼小s,欢型,线曹,小s透露大s近况"
大S,"大s具俊晔最新进展,大s回应汪小菲恋情,刘de,大s与丈夫奔现无消息,大s离婚后首现身,s大,q大,腾讯晕晕,尔湾70万"
阿Q,"阿q正传的q是什么意思,阿q的q怎么读,阿q的q的含义,阿q人物形象分析,阿q正传怎么读q,阿q精神是什么,阿q正传的q读什么音,阿q特区 男装,阿里小仓"
一举万里,
一举三反,"什么是举一反三,新三心二意指的是哪三心哪二意,一举多得的近义词,一举成名天下知上一句,旗开得胜 一举夺魁,一举成名歌曲,三战三北的意思,举一反三闻一知十,痛定思痛举一反三"
一举三得,"一举三得的意思,芭比q了是什么意思,形容多此一举的歇后语,微小的不值一提的成语,一举三得文言文答案,举一反三闻一知十,一举三得是什么意思,一举三得近义词,一举三得的故事"
一举两全,"一举两全,一举两得举的意思,一举两得用百分数表示,举案齐眉的下一句,两全其美和一举两得,一举两得中的两得指的是什么,照单全收 举一反三,多此一举的歇后语,两独一发加两全"
一举两得,"一举两得举的意思,有旗必夺逢冠必争的,一块两块不嫌少下一句,一口清一问知一手准,一举两得用百分数表示,多此一举的歇后语,两全其美和一举两得,一举两得成语故事,一举两得是什么意思"
一举中标,"政府招标一般在哪里公示,一举中标什么意思,中标公示网官网,排名第一的中标候选人放弃中标,中标服务费计算器,标中没中标公示在什么地方看,一招即成招标网站,招标入围与中标的区别,中国招标网中标公告"
一举之劳,"举手之劳下一句是什么,多助,劬 q 劳,一蹴而就与一劳永逸,民亦劳止 汔 q 可小康,如磨刀之石日有所减不见所消,一举之力,不劳而获有哪些人,一言可以兴邦"
一举千里,"积一时之跬步臻千里之遥程什么意思,年少立志三千里踌躇百步无寸功出自哪里,鸿浩高飞 一举千里,千军万马一将在探囊取物有何难出自哪里,怀中一寸心千载永不易什么意思,千里之提的下一句成语是什么,腰中雄剑长三尺君家严慈知不知是什么意思,志在千里的上一句,不可全抛一片心的前一句是什么"
一举四得,"一举四得,多此一举歇后语前一句,有旗必夺逢冠必争的,芭比q了是什么意思,一把手酒量惊人打一成语,微小的不值一提的成语,一举一动一颦一笑,一比四看获得与付出,四围合"
一举多得,"一举多得是什么意思,尽其力,芭比q了是什么意思,有旗必夺逢冠必争的,可靠的降重手法,形容一举多得的诗句,争夺每一分,举尔,一举多得是成语吗"
一举成名,"一举成名是什么意思,芭比q了是什么意思,一言成,郎朗替补登场一举成名,最昂贵的稿费一成语,一举成名天下知上一句,一举成名小平,一举成名天下闻,一离成名"
一举手一,"一举手一投足一颦一笑,q版举手,说一套做一套的成语,举手可近月猜一水浒传,一字手动燕尾滑台,孩子不爱发言举手,祝福的手势怎么做,举手投票卡通图片,一口清一问知一手准"
一举数得,"一举数得的意思,人生如戏盲盒的隐藏款有多重,芭比q了是什么意思,唯数不多,数不胜数不胜枚举,一数张一,抄数,一得,数量有限先到先得"
佛事,"佛事是什么意思,念佛三昧的16种境界,中国佛事网,最新念佛感应故事,佛印和苏轼心中有佛的故事,佛事功德会登记,佛经,佛前供灯的十种功德,佛事卧式香炉"
佛佗,"阿弥陀佛佛像高清图,佛陀电视剧全集国语版,吉祥金刚利爪陀罗尼,佛陀传54集国语连续剧,佛陀是什么意思,香港佛陀教育协会,佛陀十大弟子,佛陀的由来,佛陀电影解说"
佛像,"西方三圣佛像高清图,q版佛像图片,释迦牟尼佛像,佛像壁纸,汉白玉仿北齐佛像,佛像厂家联系电话,佛像可以挂包上吗,仙女塑像,红玛瑙佛像吊坠"
佛像卡,"西方三圣佛像高清图,q版佛像图片,家里供佛像的禁忌,佛像壁纸,释迦牟尼佛像,汉白玉仿北齐佛像,佛像可以挂包上吗,铜观音像报价,佛像厂家联系电话"
佛光,"佛光普照图片,佛说大威灯光仙人问疑经,药师琉璃光王佛,阿弥陀佛身金色相好光明无等伦,无量光明佛网,泰山 佛光,印光大师念佛原声,阿弥陀佛圣号卬光,慈悲药师宝忏佛光山"
佛光寺,"五台山佛光寺简介,菩提山墓园,佛光山早晚课全集,悟空寺,佛庙,定光寺,佛光寺大殿平面图,山西五台山佛光寺大殿,佛光山"
佛光山,"台湾佛光山,佛光山佛经念诵唱视频,佛fo山,菩提山墓园,佛光普照图片,佛光山早晚课全集,佛光山梵呗团唱诵专辑,半月山大佛,山西五台山佛光寺"
佛兰克林,"富兰克林电气官网,富兰克林的自律十三条,富兰克林有几个孩子,富兰克林罗斯福的故事,威廉米勒富兰克林,富兰克林女科学家,富兰克林浪涌保护器,富兰克林避雷针,富兰克林全职猎人"
佛兰德,"德国普兰德brand官网,佛兰德减速机官网,胡佛兰德,嘉兴弗兰德封闭母线槽,德弗莱,胡佛兰德医德十二箴,米兰德,范德兰德官网,玛斯兰德中国官网"
佛兰芒语,"语c审核q是什么意思,q群管家不发欢迎语,q简语表,芭比q了是什么意思,佛兰芒语,语瓶q720,栓q,求职往,医药英才网招聘官网登录"
佛典,"aputi佛典动画网站,中华电子佛典下载官网,cbeta电子佛典下载,佛教大辞典,佛教词典在线查询,第三世多杰佛古佛网,cbeta中华电子佛典,cbeta电子佛典,cbeta电子佛典2020"
佛冈,"佛冈县人民医院官网,佛冈县属于哪个市,佛冈技校排名前十名,佛冈多少钱一平,清远佛冈明源物业,佛冈县降雨量等值线,佛冈危废处理,佛冈县报考电工证,佛冈县招聘信息"
佛冈县,"佛冈县人民医院官网,广东省清远市佛冈县,广州到江西石城县物流,佛冈自然资源局,佛冈县政府网,广东佛冈县属于哪个市,佛冈,佛冈县石角镇,佛冈县地图"
佛利,"艾佛利,傲福,普阳q550d 钢板,玻璃供货商,client q,陆川生铁锅那家最正,问价夹图片,你来我就给进店就有礼,德利啤酒"
佛力,"佛力超荐是什么意思,锅仔片,线榄,鑫能量,芭比q了是什么意思,力圣,范佛力特,魔力设,力公式"
佛劳伦斯,"te劳伦斯,minotti劳伦斯沙发,佛劳伦斯,劳伦斯作家时代背景,罗伯特劳伦斯库恩,克里斯多弗兰伯特,劳伦斯七级净水器,劳伦斯许毕业设计,劳伦斯测氢仪价格"
佛协,"中国佛协会长现任会长,净空被大陆佛协封杀,中佛协认定邪师名单,梦参和尚佛弟子网,中国佛协官网,全国佛教三坛大戒2021,佛协换届方案,五明佛学院智悲佛网,中佛协对印广邪师处理"
佛口蛇心,"佛口蛇心的意思,芭比q了是什么意思,炮膛撞针,杀心,口羊,蛇心之地,佛口蛇心近义词,量人蛇,暗口式"
佛号,"阿弥陀佛佛号2小时,佛号念诵mp3循环播放,定弘法师一万声佛号,佟爱国念佛号的佛机,佛号念诵30分钟,思乡佛号原唱60分钟,一声佛号一声心加长版,佛号唱诵大全,绕佛佛号佛号1小时"
佛吉尼亚,"纳吉尼为什么跟了伏地魔,印度尼西亚有那些著名火山图,巴布亚新几内亚莱城海运费,哲哲在亚美尼亚,维吉尼亚马德森,在哪能买到印度版尼达尼布,尼布甲尼撒二世,肯尼亚是海牙公约国,弗吉尼亚海滩"
佛国,"我在泰国卖佛牌,佛国是哪个国家,根宫佛国文化旅游区,大中华佛国,此地古称佛国,贱民国家,须弥山佛国网,五台山佛国圣城牌坊,古佛网"
佛土,"佛土怎么读,从是西方过十万亿佛土,佛说显无边佛土功德经,随其心净则佛土净,观音将佛祖的3个箍用给了谁,佛教诞生地,佛的三身与四土,佛土见闻解脱法会,阿弥陀佛"
佛坪,"佛坪县人民政府,佛坪吧百度贴吧,佛坪县委书记李芳哭了,佛坪县属于哪个市,苟坪,佛坪县招标信息网,陕西佛坪天气预报,佛坪县县长王晴,佛坪矿山治理"
佛坪县,"佛坪县属于哪个市,苟坪,佛坪县县长王晴简历,佛坪县政府网站官网,佛坪县委书记李芳哭了,佛坪吧百度贴吧,陕西省佛坪县,汉中市佛坪县,佛坪县地图"
作业,"作业帮在线使用电脑版,我后悔了写欠作业,九下数学课时作业本打印版,作业在线,作业精灵在线使用答案入口,作业帮在线登录入口,苏教版课时作业本江苏专用答案五下2022,作业网官网,作业无忧"
作业区,"作业区隔离防护设计,生物标示自封袋,分装作业区标识牌,作业圈作业答案网,标签订做,布置作业犯法吗,地图怎么标签定位商业位置,标准作业的定义,空间限定形式作业"
作业吃水,"作业精灵在线使用答案,在线解题平台,2022年数学寒假作业答案,问作业,在一个装水到的碗里插筷子驱鬼,bfb周周清七下科学答案人教版2021,吃水不忘挖井人作业单,南通小题课时作业本,陕教出品寒假作业答案"
作业员,"招聘作业员怎么写,特种作业实操考评员,生产作业员岗位职责,单班作业人数限员规定,作业员要求,架子工在哪里报名,消防管理员作业流程,机车乘务员作业标准,煤矿井下作业限员制度"
作业处理,"作业答案大全在线使用,高处作业实际操作考核标准,在厂房顶进行作业怎么系安全带,作业作业管理批改任务,爆破作业现场临时存放,作业拖欠处理办法,作业本国家标准,作业的作用和功能,什么作业内容算高处作业"
作业录入,"云平台录入作业窗口,一q作业,九下数学课时作业本打印版,作业帮网页版入口,作业无忧,每日交作业电脑登录,快对作业在线使用入口,作业帮题库录入兼职,龙门网络作业登录入口"
作业成绩,"特种作业成绩查询入口,练出好成绩八年级上册数学答案,我后悔了写欠作业,作业对孩子成绩的影响,作业与成绩的关系,作业成绩,创优作业八上数学答案,钉钉作业成绩导出,作业网"
作业控制,"手机布置作业或完成作业管控制度,作业时间控制达标情况,受限作业,按操作规程控制设备的成语,如何统筹控制作业总量,作业量控制的具体措施,关键控制点作业指导书,化工企业控制系统,作业总量调控制度博客"
作业本,"全品作业本官方网站,05网课时作业本答案,小学学霸作业本电子版可打印,作业精灵在线使用电脑版,九年级科学全品作业本华师大,提优课时作业本答案,动漫作业本,作业精灵官网网址进入,苏教版课时作业本江苏专用答案五下2022"
作业机,"作业答案大全在线使用,盐雾试验机作业指导书,什么叫升降作业平台,作业神器,作业帮电脑版,小区扫地机作业标准,移动剪叉高空作业平台bc,带水作业钻孔机,整经机器作业"
作业条件,"作业答案大全在线使用,作业条件风险评价法,小学语文作业要求及批改规范,什么作业内容算高处作业,九下数学课时作业本打印版,高危作业安全条件双审,特种作业人员必备条件,施工作业条件,作业圈作业答案网"
作业点,"a2微能力点作业范例,作业精灵网站在线使用,微能力点a1作业,新起点作业本九上数学答案,线上答题制作平台,信息技术b6能力点作业,a1能力点作业,a3微能力点作业实例,作业在线"
作业状态,"qstat作业状态,非作业状态,q是不是状态函数,线上语文学业质量调查问卷,车辆状态q是什么意思,我后悔了写欠作业,tpa作业状态什么意思,作业答案在线使用,受限作业"
作业管理,"危险作业安全管理制度,双减作业管理优秀案例,应急管理厅特种作业证,作业改革与作业管理,作业管理细则博客,维普作业管理系统,有限空间作业管理制度,作业管理设计理念,高空作业安全管理规定"
作业簿,"微信作业登记簿电脑版,心里作业的题目可以写什么,表格作业本制作,作业簿的读音,作业圈,作业本封面,英语簿作业纸,作业手册,爱拼堆作业登记簿"
作业系统,"32位元作业系统下载,知网作业系统,定位公司员外出作业系统,特种作业模拟考试系统,太平洋自动化作业管理系统,电子作业票系统,知网作业管理系统,艾巴优作业系统,自动化作业系统登录"
作业线,"百度作业在线,作业答案大全在线使用,线上答题软件免费,高压线巡查作业步骤,线上教学作业管理措施,线上作业的优点和好处,喷粉线作业指导书,流水线作业照片,特种作业证产线"
作出贡献,"手机怎么看YY贡献,两弹一星贡献人物,作出了不可磨灭的贡献,具有特殊才能或作出突出贡献,郑和像历史贡献,游戏行业贡献GDP,做出应有的贡献,园区财力贡献奖,做出贡献 作出贡献"
作别,"可是回忆偏偏不肯作别,论毕降,芭比q了是什么意思,q版泡泡堂,作别和告别的区别,作别三峡纤夫阅读理解,作别是什么意思,作别康桥,作别西边的云彩"
作到,"作到介是什么意思,栓q是什么意思,谈好销钉,录章啦,笔订制,谢谢 有被作到,就做,做到和作到,心里速到"
作功,"做功还是作功,顶级能量,惟兹何功 孰初作之,气动功丝机支架,帝好土功 既作许昌宫,为学作事 忌求近功,作功公式,最累的动作,电涡流测功"
作势,"成伙作势啥意思,微重,芭比q了是什么意思,定制手幅,身能擘,应势,装腔作势的反义词,审势度势,拿腔作势的意思"
作协,"莫言被作协除名,北京作家协会官网,关于区县作协的困境,方方退出作协声明,作协文化参与活动,写作网,中国作协官网,莫言被踢出中国作协,中国作协核心期刊"
作古,"人心作古是什么意思,先生已作古 痛忆旧雨,传奇里的万古木灵万古尸心,独霸万古,旷世复古,先生已作古拿去做春秋,原古,人心作古,先生已作古"
作古正经,"古君,作古正经的意思,青毒镖,从 事 团 工 作 经 历,陈子经尝作原文及翻译,述而不作 信而不古,古早小说,古者仓颉之作书也,试做古华"
作呕,"作呕是什么意思,微重,我想把你指甲里的污垢煎成茶喝掉,睾丸被打了一下一直隐隐作痛,芭比q了是什么意思,男性为什么龟头有一小颗的点,蹲下来闻到很臭的味道,心里一想阴茎就射了,作呕地窖boss怎么打"
作品,"q果果的全部作品,匿名作品怎样投票,莱卡q摄影作品图片,如何做作品集链接,第一件作品逎,书法作品欣赏大全,白晶晶果冻传媒作品,最好的作品,艺术设计系作品"
作品名称,"抗疫作品名称,有创意的绘画作品名称,初中程序作品名称,米罗作品赏析名称配图,设计作品名称大全,美术作品主题名称,关于城市作品有创意的命名,作品名称要加书名号吗,稚名空的所有作品名称"
作品展,"摄影展作品要求,六一儿童节书画展作品,礼品展,全国美术作品展油画,册页展作品欣赏,艺术毕业作品展前言,延时班作品展字样,福文化绘画作品展,书画作品展活动方案"
作品展览,"全国美术展览获奖作品,作品投票h5制作平台,书画作品展览活动方案,全国博物馆十大陈列展览精品,书法作品展览图片,艺术展览,展览馆设计案例大师作品,作品展览网站,钩花作品个人展览"
作品版权,"美术作品版权登记查询,中国著作权版权中心,作品自愿登记是否有版权,怎么申请作品版权,作品版权申报如何命名,作品版权收费标准,作品版权登记保护应用平台,原创作品版权声明模板,作品版权登记"
作品简介,"微视频作品简介模板,余华简介及作品介绍,小说作品简介怎么写,参赛绘画作品简介范文,头条号影视作品简介,作品简介模板200字,雕塑艺术作品简介,老舍简介及主要作品,摄影作品简介范本"
作品选,"喻慧工笔花鸟作品选,名作欣赏杂志官网,乡村物品作品海报,二年级美术绘画作品选,欧洲汇集优秀平面作品的书集,最美书籍作品赏析,中国当代文学作品选,著名作家及作品,原创视觉设计作品集面试作品作品展示"
作品集,"典心小说作品集无删减,2022作品集设计,金银花露作者作品集,龙图案卷集续txt下载,国外设计作品集网站,卧龙生作品集全集,如何做作品集链接,刘狗花作品集,夏小正的作品集txt"
作响,"滋滋作响还是嗞嗞作响,9d音效是什么意思,为什么骨头会咔咔作响,主机声音大嗡嗡作响,滴答作响的恐慌之袋,嘎吱作响中文,自作全息投影,猎猎作响的意思,影视制作什么叫做点动效"
作善降祥,"毕论降,折彦质,明德亲民止于至善,作善降祥,履善,赏善罚恶二使,矫作,唯祥,善莫大于作忠"
作困兽斗,"困斗之兽是什么意思,一哄作鸟兽散的画面,用喵喵拳驯服狼系学霸,巨兽战场酷乐米,狂点萌兽狻猊,沧海煮成酒新书困兽,犹兽困斗,冷酷兽王求不吃,荒野乱斗 困 兽 之 斗"
作图,"在线免费作图软件,蓝猫玩一键作图,作图模板,尺规作图八种基本作图,几何画板在线作图,作图在线制作,作图神器,作图软件在线使用,在线作图免费"
作图器,"在线免费作图软件,zx数学函数作图器,作图神器官网,作图在线制作,数学函数作图器,作图软件在线使用,作图软件电脑版免费,免费作图设计网站,几何作图器在线"
作坊,"小作坊加工项目,屠宰作坊怎么处罚,微制作,酒作坊设备价格,找制作厂家上什么网站好,纸箱工厂加盟,桂圆子手作坊,小作坊食品生产许可证,仿作"
作坊式,"49坊商业模式,小作坊加工项目,屠宰作坊怎么处罚,格式作坊电脑版,小作坊的定义,四十九坊商业模式,食品加工小作坊布局图,家庭作坊式生产的优势,家庭作坊式企业特点"
作壁上观,"作壁上观还是坐壁上观,洞若观火和明察秋毫的区别,他年我若为青帝报与桃花一处开什么意思,心有惊雷而面如平湖者可拜上将军,唐太宗与魏征的典故一面镜子,贫贱忧戚庸玉汝于成,玉在椟中求善价钗于奁内待时飞什么意思,从上观之适与地平,作壁上观的故事"
图下方,"在线识图找图,word图片下方加图注,图名在图的上方还是下方,高德地图发现前面不能走然后地图没有显示,怎么修改柱状图下方字,找到下方这些图扫原图有惊喜,k线图下方的红绿柱,怎么在地图上取消自己店的位置,word图表标题在图下方"
图丹,"图图是什么梗,芭比q了是什么意思,q空间登录,爱q生活网,qq com邮箱登录入口q,d图,图丹,pdd主图设计,忆图在线"
图丹却吉尼玛,"地藏养龙,玛尼玛尼哄正确咒语,却吉尼玛,在哪能买到印度版尼达尼布,霹雳火中的龙丹丹在哪集,图丹嘉措,猫和老鼠奥尼玛解说,丹玛,日尼玛退钱"
图书,"中国图书网官网入口,京东图书网官网,图书商城,图书出版网站,图书购买,当当图书网官网,首页图书,最新出版图书查询,当当图书商城"
图书中心,"中国图书网官网入口,丁丁图书商城,京东图书网官网,中小学图书馆图书批发,图书出版网站,国家科技图书中心,图书信息中心,中图网网上书店,首页图书"
图书交换,"图书交换规则,小学图书交换活动方案,图书网官网,书本转换成电子版,学校图书借阅系统,交换图书宣传海报,图书交换的意义,图书馆图书交换,新世纪图书馆"
图书卡,"图书借阅卡图片,书籍收集表信息,图书网官网,卡片类出版物的书号,免费图书封面设计模板,图书馆书签,图书商城网站,图书出版信息页,图书标签打印"
图书周转,"图书周转率怎么计算,图书批发网,学校图书借阅系统,图书馆建设投稿,个人图书出版流程图书案例,图书商城,图书馆学工作与研究,二手图书哪个网站好,中国图书王"
图书城,"图书购买网站大全,天猫书城网上书店,京东图书网官网,图书网上商城,北方图书城官网登录,图书出版网站,新华图书城网上书店,当当图书商城官网,书店官网"
图书大厦,"北京图书大厦官网,新世纪图书馆,全国图书批发网,图书大厦官网,图书馆建设投稿,百万庄图书大厦,中关村图书大厦官网,图书大厦招聘,图书网"
图书奖,"文津图书奖2022名单,图书馆建设投稿,图书奖项有哪些,国家图书馆文津图书奖,第十七届文津图书奖,中国国家图书奖,我国图书出版类的奖项,图书室双层书架,图书采访系统"
图书室,"图书阅览室布置图片,小学图书室管理制度,图书馆书架,什么是电子图书室,图书室借阅登记表,图书馆书桌的标准规格,中小学图书馆图书批发,小学图书室工作计划,图书室阅览桌椅"
图书市场,"vr书店的市场调研,京东图书网官网,图书批发市场的出版物经营店铺,网上书店商城,书店一天能卖多少本书,旧书市场网,什么是图书批发,中国商业出版社出版书,网上买图书哪个网站好"
图书库,"原创新课堂电子图书库,书库网官网,古籍书库建设标准,密集书库是什么,亦凡书库首页,图书馆书架,最新出版图书查询,超星电子图书库,中国图书网官网"
图书店,"京东图书网官网,文轩图书旗舰店,图书网上商城,享学图书专营店微博,图书网购网站大全,中国图书网网上书店,解忧杂货店图书分享,图书出版网站,北新网图书旗舰店"
图书架,"图书馆书架图片,rfid智能图书架价格,书店中岛书架的设计,农村图书架多少一个,图书架分类标签,图书馆书桌的标准规格,中小学图书馆图书批发,书架图片大全,图书室书架图片大全"
索购,"索购,来购酷买商城官网,e购网,qq com邮箱登录入口q,dr商城,索购全案中心,爱q生活网,易购联盟,搜购网"
索贿,"以借为名索贿典型案例,什么是受贿罪,芭比q了是什么意思,贿赂2000万能判多少年,索贿罪最新量刑标准,追讨货款的诉讼时效,索贿的行贿人如何定罪,黄门宦官向卢植索贿,索贿与受贿的区别"
索贿受贿,"受贿索贿的定案标准,帮信罪流水20余万获利2500元,受贿罪中为他人谋取利益的类型,贿赂2000万能判多少年,女总裁举报官员索贿,索贿罪最新司法解释,怎样举报金融诈骗,索贿 行贿 受贿 贿赂,索贿受贿怎么读"
索赔,"打假人索赔算不算敲诈,n号房首起索赔宣判,花10块钱吃出坏东西怎么赔付,2022年度人身损害赔偿案件赔偿标准,第三者责任强制保险责任50万赔偿细则,常州 扬尘排污 索赔,股民维权索赔网,家属向房东索赔99万,理赔和索赔什么区别"
索赔人,"索赔人是什么意思,2022年度人身损害赔偿案件赔偿标准,第三者责任强制保险责任50万赔偿细则,常州 扬尘排污 索赔,打假人索赔算不算敲诈,轻伤一级赔偿多少钱,股民维权索赔网,索赔和理赔的区别,被人殴打受伤如何索赔"
索赔时限,"索赔时限的规定,2022年度人身损害赔偿案件赔偿标准,拖欠货款的诉讼时效是多少年,误期赔偿费的最高限额为合同价款的5,第三者责任强制保险责任50万赔偿细则,定性诈骗可以向对方索赔吗,人身损害9级别和工伤9级别哪个赔偿的多,索赔超过多少算敲诈,交强险赔偿限额新标准"
索赔权,"定性诈骗可以向对方索赔吗,n号房首起索赔宣判,常州 扬尘排污 索赔,索赔权过期作废,工程索赔按索赔业务性质分为,专利侵权赔偿数额的确定,机动车辆索赔权转让书,工期索赔与费用索赔的根本区别在于,雇主责任险与侵权的竞合"
索赔案,"2022年人身损害赔偿案件最新赔偿标准,富士康3000万索赔案,张国胜死亡索赔案,出了小车祸诉讼怎么赔偿,定性诈骗可以向对方索赔吗,索赔成立的三个条件,号贩子逃跑摔伤索赔案,股民维权索赔网,黄静天价索赔案"
索超挥,"毕论降,水浒传索超人物简介,宋江雪天擒索超概括,马作的卢飞快弓如霹雳弦惊所展现的画面,索超的外貌,索超和秦明谁厉害,贾宏迅,急先锋索超,水浒传中索超的回目"
索超箭,"水浒传索超人物简介,爆箭,宋江雪天擒索超概括,jojo箭和虫箭,王牌竞速螺旋箭,部落与弯刀母猪之诗图片,索超的外貌,索超和秦明谁厉害,索超图片"
索超领,"水浒传索超人物简介,卓磊,宋江雪天擒索超概括,单q限领1次,索哲,索超的外貌,索超和秦明谁厉害,索超图片,急先锋索超"
索还,"扣扣索索还是抠抠索索,索还,酷q机器人还能用吗,还复来的还怎么读,竞藏,阿卡索还能约上课吗,买车钱被骗了怎么索还,索隐行怪,逃也似的"
索还债款,"负债太多了无力偿还怎么办,网商贷逾期还款的后果真是坑到你无法想象,还债by奶口卡ao3部分,满级大佬的还债生活,欠债30万如何更好的还清,诈骗款还债怎么追缴,欠债还债的海报设计,一米八的大梨子债务偿还,贷款之后不还款会被追究什么责任"
索迷离,"扑索迷离,总裁的33日索情,隐坛,抛友,迷走,索迹,索之固,离原,迷失域"
索道,"明修栈道的栈道在哪里,索道缆车,滑索,中国索道协会,索道速滑工具,长江索道位于中国哪里,索道卷扬机,重庆长江索道,云杉坪索道"
索郎泽,"郎泽,雷硕,博索,栓q是什么意思,利士德,qq com邮箱登录入口q,栓q,拴q被申请注册商标,狗泽源"
索酬,"美團 獎酬,酬劳款,索价,得偿,错必赔,浮竞,薪酬网官网,拟挣酬,献酬"
紧急情况,"紧急情况避险坚持什么原则,车辆紧急情况处置预案,京东集团签订应急物资紧急采购协议,应急等,紧急情况下什么水果可以代替人体血浆,紧急情况处理与应急措施,紧急情况砸掉紧急按钮,事态紧急,紧急药箱里面配什么"
紧急情报,"紧急泄压人孔,口袋情报通,特级天灾预警,紧急信息七个必报,事态紧急,紧急报警箱的品牌,俄乌情报战牵动多方,多多情报局,租售情报"
紧急措施,"安全生产15条措施原文,禁忌与紧急措施制度,碳4应急处置方案,2022安全生产15条措施,紧急泄压人孔,安全生产十五措施内容,突发紧急状况应对措施,临时紧急任务保障措施,地测副总应急处置措施及要点"
紧急断电,"消防应急灯不用昼夜不间断供电,打雷就跳闸怎么解决,可燃气体报警控制器与紧急切断阀联锁原理,楼道停放电动车夺命只需100秒,强行点亮应急灯需要几根线,停电应急电源能用多久,老人因小区断电挨冻,紧急断电应急预案,锅炉断电给水怎么办"
紧急断电,"消防应急灯不用昼夜不间断供电,打雷就跳闸怎么解决,可燃气体报警控制器与紧急切断阀联锁原理,楼道停放电动车夺命只需100秒,强行点亮应急灯需要几根线,加油机紧急断电按钮,老人因小区断电挨冻,锅炉断电给水怎么办,停电应急电源能用多久"
清明上河图,"清明上河图全图高清版,q清明上河图图片大全,6米长的清明上河图十字绣多少钱,清盛世图,清明上河图ppt课件,十字绣清明上河图六米,清明上河图简介,张择端清明上河图,清明上河图全图电子版"
贵宾,"贵宾犬多少钱一只,背宝,贵宾犬和泰迪的区别,贵宾犬图片,贵宾之家官网,银河贵宾,贵宾金环会,贵宾迎客松,银河贵宾厅在线网址"
金刚,"紫晨金刚沙,q版变形金刚,q版哥斯拉大战金刚,变形金刚q博士,梦幻修游金刚怒目,福田瑞沃小金刚q版,金刚几瓣最好,q版金刚狼,黑金刚代理"
微生物学,"微生物学报官网,食品微生物检测,微生物学与免疫学,辅酶q10微生物发酵法,微生物学实验,什么是微生物学,临床微生物学检验技术,微生物限度方法学验证,医学微生物学重点总结"
丰田,"一汽丰田汽车,丰田suv新款12万,丰田suv车型大全报价,丰田越野车10万左右,丰田牌tv7253roya15q,丰田凯美瑞,丰田官网首页,丰田卡罗拉,丰田七座商务车"
英语课本,"外研版英语课本电子书,7下英语电子课本,纳米盒英语课本点读,初二下册英语电子课本,人教版英语电子课本,英语必修二电子课本,外研社英语电子课本,五上英语电子课本,七下英语书电子课本"
英语考试,"浙江英语等级考试官网,pets全国英语等级考试,2022剑桥英语考试报名网址,2022年商务英语考试报名及考试时间,英语口语考试网站,研究省英语考试培训,bec商务英语考试官网,雅思英语考试真题,全国英语等级考试官网"
三江口,"三江口是哪三江,福州三江口最新消息,三江口生态公园,同江市三江口风景区,宁波三江口图片,三江口在哪里,同江三江口,福州三江口房价,福州三江口附近兼职"
洞庭湖,"洞庭湖在哪个省哪个市,张孝祥 念奴娇 过洞庭,贺胜桥仙鹤湖湿地公园在咸宁吗,望洞庭 刘禹锡,洞庭湖是第几大淡水湖,临洞庭湖赠张丞相,描写洞庭湖的诗句,湖南洞庭湖简介,游洞庭湖李白"
长江,"2012年长江日报,长江雨课堂网页版,人民长江,至喜长江大桥桥面宽,可在长江中打捞的迟铁,长江中下游7个省,长江日报地址,长江小白条,长江证券app"
廊桥遗梦,"免费廊桥遗梦电影国语,廊桥遗梦的经典句子,廊桥遗梦表达了什么,廊桥遗梦主题曲原唱,廊桥遗梦未删减版,廊桥遗梦电影播放士豆,廊桥遗梦书正版,廊桥遗梦真正意义,廊桥遗梦简介"
手抄报,"免费手抄报模板大全,魔道祖师q版手抄报,手抄报用多大的纸合适,简单手抄报花边边框,关于端午节的手抄报,免费电子小报模板word版,手抄报模板图片,喜迎党的二十手抄报,手抄报素材网"
五一,"五一平台官网,五一劳动节手抄报,2022五一假期安排,明天就是五一小长假,强制员工五一加班,五一还能本地游吗,五一放假安排2022,五一快聊,五一盒子云开票"
西兰花,"西兰花的家常做法大全,长杆西蓝花叫什么,西兰花的功效与作用,国内西兰苔种植区域,西兰花产业发展前景,西兰花深加工流水线,西兰花炒虾仁,西兰花怎么做好吃,西兰花变黄了还能吃吗"
博人传,"博人传中除大筒木桃式还有什么boss,宇智波鼬的一生主要概括,火影忍博人传,鸣人是怎么来的,火影忍者单职业传奇,火影忍者究极风暴4,博人传免费观全集免费,博人传2,博人传鸣人第几集死的"
重庆巴南区,"重庆市巴南区官网,重庆沙坪坝函授,重庆巴南区在建楼盘,重庆巴南区场地出租,重庆巴南区人民政府,重庆巴南区免费律师,重庆市巴南区有哪些普高,重庆区块链,重庆巴南区维修家电"
竖版,"a3竖版尺寸,a4背景图片竖版高清,pdf横版如何变成竖版,word竖版下一页变横版,竖版模板,文件夹标签竖版模板,竖版文字识别在线,微信电子画册在线制作,word横版竖版切换"
武林外传,"武林外传游戏官网下载,4399武林外传,新武林外传人族涅盘,武林外传江湖武林,武林争霸传奇手游,斗转武林高爆传奇,正版武易传奇官网,武林外传在线观看,武林外传cctv央视网"
内蒙古,"内蒙古人事考试信息网,内蒙古官网首页,内蒙古煤炭经济期刊,内蒙古职称评审,内蒙古师范大学,内蒙古人才信息库,内蒙古政务服务网,内蒙古地图,内蒙古电子税务局"
如懿传,"如懿传在线观看高清,如懿传为什么下架了,彩虹堂小游戏如懿传,如懿传百度网盘资源,穿越如懿传之我是答应,后宫如懿传第四部,如懿传87集全集免费版,如懿传电视剧全集免费,如懿传剧情分集介绍"
朝阳公园,"北京朝阳公园官方网站,朝阳公园有什么好玩的,温榆河公园朝阳示范区,朝阳公园勇敢者游乐园,朝阳公园门票多少钱,天津寝园南马集公墓,招商银行朝阳公园支行,北京墓地,蒙古大营朝阳公园店"
美联社,"ap美联社,美联社官方网站,环球外贸论坛官网,美国联邦银行,美联社路透社法新社,美联社记者马修李,美通社,美联社中文官网,美国联合通讯社"
模拟策略游戏,"大型策略战争游戏,红黑阵营模拟游戏,策略类游戏排行榜,端游策略游戏推荐知乎,模拟经营类网页游戏,模拟策略游戏,玩好的即时战略游戏推荐,策略类网页游戏,超级简单的策略游戏"
胆固醇,"12种降低胆固醇的食物,胆固醇高十大饮食禁忌,总胆固醇偏高怎么办,如何检测胆固醇,总胆固醇正常值范围,低密度脂蛋白胆固醇,胆固醇高有什么危害,总胆固醇试剂盒说明书,胆固醇高怎么降下来"
鲳鱼,"金鲳鱼的家常做法,鲳鱼是海鱼还是淡水鱼,白鲳鱼多少钱一斤,鲳鱼怎么做好吃又简单,金鲳鱼和银鲳鱼的区别,钓鲳鱼用什么打窝,金鲳鱼的营养价值,鲳鱼图片,鲋鱼"
东北大米,"东北大米品牌排行榜,东北长粒香大米特点,大米批发网,东北大米几月份出新米,东北长江7号大米,东北大米价格,粮食大米交易网站,东北大米多少钱一斤,大米"
咸菜,"东北酱缸咸菜,咸菜等腌制零食代工厂,小咸菜批发,咸菜的种类,韩国咸菜柜,咸菜烧豆腐,老咸菜,咸菜的腌制方法大全,咸菜疙瘩"
腌菜,"腌菜的制作方法和步骤,调味品批发网,酱腌菜执行标准,酱腌菜生产工艺流程,腌菜坛子价格图片,酱腌菜瓶装灌装设备,腌制酸菜,酱腌菜巴氏杀菌,捞腌菜游戏"
糯米卷,"糯米饭卷的做法,蚂蚁有货一件代发,泰香q卷,娘惹菜虾米糯米卷,紫薯糯米卷,我有货源,闪电云仓礼品代发,米多客,有米"
全职高手,"荣耀游戏全职高手,全职高手官网首页,全职高手免费观看,全职高手之无解的枪王,全职荣耀,全职高手荣耀第一刺客,全职简历,全职高手荣耀游戏官网,全职高手之不败王"
如何保养红木家具,"红木家具保养专用蜡,新中式缅甸花梨木沙发六件套,中国红木家具十大品牌,怎样选红木家具注意什么,红木家私上蜡保养用那种蜡最好,卖红木家具哪个网站最好,红木家具有些变色怎样修复,如何购买大红酸枝家具,红木家具如何保养和清洁"
蒸肉饼,"饼局香酥鸡饼,肉饼子炖蛋,五芳斋粽子生的还是熟的,作香肠的调料,炒饼,荷叶饼夹肉,浏阳蒸菜加盟,肉馅,鲜肉饼加盟"
豆豉,"甘竹牌豆豉鲮鱼罐头,豆豉的制作方法,淡豆豉和豆豉的区别,纳豆是不是豆豉,永川豆豉地理商标,豆豉的读音,关节痛可以吃豆豉吗,蚝豉怎么读,自制豆豉"
设计图,"三层自建房设计图,针织厂A地块设计图,cad设计图平面图,室内设计效果图,房屋设计图大全,二层农村自建房设计图,农村二层小别墅设计图,找图设计网,平面图设计教程视频"
3d作品,"3d创意设计作品,3d打印作品模型网站,q版3d人物模型,好哥们的换q阴谋3d,q3d软件仿真,未知3d,3d网站,超炫酷3d游戏,3d建模作品"
3d设计,"3d云设计三维家,3d设计家官网,q3d软件仿真,3d建模网,在线3d设计软件,3d设计网站,logoup3d三维创新设计平台官网,设计家3d云设计,3d室内设计在线生成"
恒大,"中国恒大集团最新消息,2022恒大地产最新消息,恒大地产官网首页,恒大ems统一登录平台,北海恒大御景半岛,恒大得罪了谁,恒大金碧天下,恒大集团正式宣布破产,恒大地产最新消息"
烟花,"q版烟花图片,烟花视频,打火花报价,烟花音效免费下载,梅州烟花爆竹批发,那江烟花那江雨,树上挂烟花灯,烟花模拟器,烟花简笔画"
台风,"雪台风正在形成,昊翔无人机台风q500,台风最新消息今天,台风路径实时发布系统,台风快讯,台风风力最大的部位,演讲台风训练,儿童台风来了,抗台风形移动围栏"
台风烟花,"2021年7月台风烟花,台风烟花实时路径官网,2021年台风烟花时间,烟花台风最新消息今天,第6号台风烟花生成,台风烟花造成的损失,台风前重点检查位置,烟花台风是几月几号,烟花台风到哪里了"
大白兔奶糖,"大白兔奶糖官方网站,大白兔奶糖包装设计,光明大白兔奶糖风味牛奶,大白兔奶糖配料表,大白兔奶糖是哪里产的,一颗大白兔奶糖多少克,大白兔奶糖1v1马仔,大白兔奶糖的特殊含义,大白兔"
链条包包,"lv三合一链条包官网价格,包包链条是什么材质,gucci菱格链条包,gucci链条迷你包,lv包中国官网,lv五合一链条包,包包网官网,lv三合一链条包辩真伪,包包女包链条包"
茉莉公主,"茉莉公主动画片全集,小公主纯棉宝贝衣服,偶像公主公主套装,可爱蕾丝公主睡衣,女童薄款公主裙,茉莉公主和她的王子,迪士尼茉莉公主故事,茉莉公主奇幻离线,叶罗丽茉莉公主怎么画"
杨洋,"杨洋演过的电视剧,杨洋赵露思且试天下,杨洋整容前真吓人,杨洋q版萌图,杨洋迪丽热巴公布恋情,杨洋最新爆料,杨洋特战荣耀,杨洋同款衣服,杨洋投票网站"
姜丝,"姜丝绿茶功效与作用,姜丝可乐扎图片,生姜怎么做好吃,捡到一个小姜丝,零食 生姜丝,糯为香精做的碎银子,姜丝泡水喝有什么好处,姜丝阿伽雷斯,切姜丝神器"
番茄,"茄子网站,i番茄,番茄碱标准品,木瓜高爆版,番茄作家助手,西红柿怼番茄,番茄畅听,首创番茄财富官网,番茄电脑版下载"
迪丽热巴,"迪丽热巴裸装,人工智能ai明星瘾梦古力娜扎有限公司,明星y梦之明星下海不是梦,q版迪丽热巴卡通图片,一寸一寸挤进迪丽热巴,迪丽热巴动漫头像q版,迪丽热巴三围身高体重,迪丽热巴荣耀大天使,迪丽热巴个人资料"
极限挑战,"极限挑战最搞笑的几期,j极限挑战,极限挑战免费完整版,极限国度官网,极限挑战宝藏行第2季,极限挑战4季全集免费,极限挑战捐书是哪一期,极限挑战宣传片,极限挑战最新一期"
绝地求生,"电脑吃鸡绝地求生官网下载,pubg绝地求生官网下载,绝地求生加速器排名,绝地求生电脑版免费,绝地求生电脑版官方下载,绝地求生黑号卡盟,绝地求生刺激战场,绝地求生国际服,绝地求生官网下载"
辣椒种植,"辣椒阳台盆栽种植方法,定州市数字农业大田种植领域蔬菜种植招标,辣椒冷库造价多少,胡麻籽种植条件,辣椒的种植技术,辣椒苗怎么种植和管理,辣椒蔬菜包装机,辣椒的种植方法和时间,种苗种植"
玉龙雪山,"玉龙雪山旅游攻略,q版雪山,玉龙雪山几月份去最好,玉龙雪山海拔多少米,云南丽江玉龙雪山,玉龙雪山风景区图片蓝月谷,龙脊雪山龙牙位置,龙脊雪山绯红玉髓最难找的,玉龙雪山在哪里"
海马体照相馆,"海马体照相馆官网,深圳麦田映像婚纱摄影官网,海马体照相馆价目表,海马体照相馆市场分析,河马体照相馆,海马体ps插件,海马体调色,海马体招聘,海马体照相馆证件照"
阿房宫,"阿房宫赋ppt优秀课件,阿房宫是为谁建的,阿房阿房亡始皇,阿房宫赋原文及翻译,怎样看待阿房宫,阿房宫建成了吗,阿房宫赋ppt,阿房宫养老院,阿放宫"
扬州,"高邮苏久,扬州生活,扬州女主播事件回顾,扬洲,扬州大学广陵学院,扬州日报扬州晚报,扬州属于哪个省,扬州直聘网,扬州人事考试网"
北斗导航,"北斗卫星导航系统官网,北斗导航的意义和价值,北斗导航概念股龙头,车载北斗导航仪,北斗卫星导航地图,北斗gps定位器哪家好,北斗导航地图电脑版,北斗地图高清卫星地图,北斗导航定位接收机"
北斗,"北斗官网首页,北斗卫星定位系统,北斗融媒客户端电脑版,追踪定位器,北斗系统官网,北斗官方网站,北斗高精度定位服务,北斗卫星定位精确地图,北斗导航"
汉密尔顿,"汉密尔顿官网手表官网,hamilton 汉密尔顿,江诗丹顿官方网站,汉密尔顿音乐剧简介,汉密尔顿,汉密尔顿里的伯儿,亚历山大汉密尔顿,明日方舟汉密尔顿,汉密尔顿溶氧电极"
物流,"中国物流信息网,q必达物流管理系统,德邦运单号查询物流,深圳恒路q物流查询,快递物流信息查询,国内物流公司,q必达物流官网,物流网配货信息网,物流天下全国物流信息网"
劳动节,"为迎接51国际劳动节,五一劳动节文字素材,l劳动节 海报,劳动节送环卫工人慰问活动,劳动节买什么礼物,五一劳动节的由来,劳动节手抄报,劳动节投诉,五一劳动节网页设计"
玛莎拉蒂,"玛莎拉蒂报价及图片,玛莎拉蒂汽车官网首页,玛莎拉蒂都有哪些系列,玛莎拉蒂2021新款车型,玛莎拉蒂官网,玛莎拉蒂车型报价,玛莎拉蒂与和平精英,玛莎拉蒂中国官方网站,玛莎拉蒂值多少钱"
网易云,"网易易云音乐官网,q网易云音乐官网,网易云格式转换器,q网易云q音乐,网易云音乐官网官网,永劫无间网易云,网易云官网在线听,网易云电脑官网,网易云音乐下载"
原创作品,"七猫原创作家专区,原创小视频作品制作,原创文艺作品征集启事,原创作品版权声明模板,原创视觉设计作品集面试作品作品展示,抖音作品创建标题怎么弄,原创作品承诺书范本,闪小说作家论坛原创版,阿里文学原创创作平台"
哪吒,"哪吒官网首页,q版哪吒之魔童降世,哪吒之魔童降世哪吒形象,哪吒敖丙图片q版,哪吒闹海捕鱼,q版哪吒敖丙,哪吒的英文翻译,哪吒upro空间照片,台众汽车 哪吒"
苏州,"昆山苏州,苏州官网首页,苏州财务公司哪家好,苏州线上教育平台,苏州找q妹,苏州q房网,苏州 上海石化 q281,苏州本地宝,苏州哪个省"
金龙鱼,"金龙鱼价格多少钱一条,金龙鱼官方网站,金龙鱼橄榄调和油4l,金龙鱼股票,金龙鱼品牌注册,金龙鱼的价格,金龙鱼食用油,龙鱼,六角龙鱼"
思科,"cisco思科官网,cisco 思科官网下载,锐科国际,思科中国官方网站,思科瑞升降柱,思科交换机,科思科技官网,思科奇艾灸仪,领科官网"
蛋糕店,"蛋糕店品牌排行榜,蛋糕店加盟店10大品牌,蛋糕店的利润有多大,diy蛋糕店创业计划书,都市甜心蛋糕店官网,开蛋糕店需要多少钱,蛋糕网上订蛋糕,蛋糕店官方网站,蛋糕店经营方案"
塞尔达传说,"zelda塞尔达传说,塞尔达传说荒野之息,cemu模拟器塞尔达传说,塞尔达传说旷野之息古代马鞍和缰绳位置,萨尔达传说,塞尔达传说在steam叫什么,塞尔达传说官网下载,塞尔达传说黄昏公主,塞尔达传说旷野之息amibao无限刷"
滕王阁,"滕王阁序原文及翻译,滕王阁旅游推广,赵发潜魏楷滕王阁序,滕王阁附近酒店,滕王阁内艺术品,腾王滕王阁序全文讲解,滕王阁3d立体图解,文征明行书滕王阁序,滕王阁原文"
保时捷,"保时捷官网中国官网,保时捷卡宴报价2022,保时捷汽车官网首页,帕拉梅拉保时捷价位,保时捷panamera多少钱能下来,保时捷卡宴多少钱,保时捷官网,保时捷中国官网首页,保时捷中国官方网站"
奥迪,"奥迪q82022款最新款,奥迪汽车官网首页,奥迪q317款的款式,奥迪q513款 车灯,奥迪q32022年新款车型,奥迪a6后备箱垫,奥迪a3一体机,奥迪q3,奥迪a6l租车价格"
写字楼,"58同城写字楼出租,写字楼办公室出租,5甲写字楼,58写字楼出租,中国写字楼网,q房网写字楼租赁,成都写字楼信息网,瑞都国际中心写字楼写字楼,深圳写字楼租赁网"
门禁智能通道闸机,"汽车道闸门禁系统,rfid智能门禁,智能ic卡门禁管理系统,红门智能道闸官网,智能空降闸车辆识别通道闸,智能道闸,智能化门禁,智能通断器,门禁通道闸"
常州,"我的常州苏康码会员不存在,常州市属于哪个省,常州居民楼爆炸坍塌,常州大学教务系统,常州翻译公司排名,常州网官网,苏州在职mb,常州q235中厚板,常州日报电话"
马拉松,"中国马拉松官方网站,2021北京马拉松取消,2018成都国际马拉松,马拉松专业跑鞋,半程马拉松多少公里,长城马拉松,2021年扬州马拉松,淮安马拉松报名,读书马拉松活动 ppt"
腌制,"萝卜干的腌制方法大全,羊肉串怎么腌制最好吃,酸豆角的腌制方法,腌制咸鸡蛋的最佳方法,倒笃菜腌制前脱水,家庭牛排的腌制方法,蔬菜腌制设备,糖醋蒜的腌制方法10斤,酸菜包竟是土坑腌制"
央视,"13台央视新闻直播间,央视直播在线观看,q央视影音,q版猫和老鼠央视版,央视品牌对话,cctv中的节目视频,央tv,央视13直播在线观看,央视曲度腰椎治疗仪"
秋冬女装,"2022秋冬女装流行趋势,中老年秋冬女装新款,2022年新款连衣裙,衣服货源找厂家直销,睡衣女冬,品牌女装,2022新款女装,服装一件代发网站,淘宝网首页高档女装"
橄榄山,"revit橄榄山快模官网,橄榄山快模官网下载,q355方管哪里有,绿珍珠花岗岩,revit橄榄山插件,revit橄榄山官网,橄榄山快模2021破解版,橄榄山快模最新版本,橄榄山快模永久破解版"
荣耀平板,"v7pro荣耀平板,荣耀官网官网首页,荣耀v7pro平板参数,荣耀至尊v7平板电脑,荣耀手机官方网,荣耀v7平板参数,荣耀7平板,荣耀平板官网,荣耀商城"
抚顺,"辽宁抚顺简介,抚顺市抚顺县,现在抚顺市都认什么学历,辽宁省抚顺青台子监狱,抚顺气体化验检测,抚顺电梯回收公司,抚顺桥架厂家,抚顺管道生产,抚顺日报价钱"
美丽乡村,"新农村建设 美丽乡村,美丽乡村建设规划方案,美丽乡村ppt模板免费,美丽乡村网官网,美丽乡村建设主要内容,建设美丽乡村论文3000,怎样写美丽乡村建设的作文,清洁美丽乡村道路,美丽乡村出租平台"
饺子馅,"韭菜鸡蛋饺子馅的做法,茴香馅饺子调馅小窍门,羊肉馅饺子怎么调馅,素馅饺子都有哪些馅,槐花饺子馅怎么做好吃,虾仁饺子馅的做法,猪肉香菜饺子馅做法,三鲜馅饺子是哪三鲜,放饺子的专用盒子是什么"
玉林,"广西玉林人才网,玉林师范学院图书馆,玉林红豆,玉林市,广西玉林政府招标网,玉林兼职招聘,玉林师范学院学院官网,玉林生活网,玉林信息网"
升降机,"丝杠升降机,液压式升降机,蜗轮丝杆升降机,移动式升降机,租升降机多少钱,有没有好点的升降机货梯,液压升降机货梯,小型升降机,导轨式升降机"
国庆,"2019国庆70周年大阅兵,国庆海报素材,国庆拒绝上班被开除,国庆节的由来,国庆q版人物,国庆开头视频,国庆ppt课件,国庆问卷问题,国庆几周年"
十一,"十一一个圈怎么打,芭比q了是什么意思,q空间登录入口,q版泡泡堂,普阳q550d 钢板,在线淘口令,1是哪里的,冻一网,栓q"
冬奥会,"冬奥会q是什么意思,d冬奥会,百度冬奥会,2022冬奥会中国奖牌榜,冬奥会运动员q版头像,2022年冬奥会详细介绍,2冰雪产业,北京冬奥会q版图片,2022冬奥会介绍资料"
和田玉,"和田玉的鉴别方法图解,和田玉和翡翠哪个好,和田玉价格多少一克,和田玉的功效与作用,和田玉的种类,和田最贵的石包玉原石图片,和田玉手镯的鉴别方法,和田玉手镯,翡翠好还是和田玉好"
围城,"围城电视剧完整版免费,围城在线阅读,围城经典语录摘抄,围城讽刺了什么,围城唐晓芙人物形象,围城百度网盘,围城的主人公,围城读后感,围城简介"
云南大理,"云南大理旅游攻略,云南大理洱海,云南大理疫情最新消息,云南大理旅游景点大全,云南省大理白族自治州,云南大理市天气预报,云南大理简介,我向往的地方云南大理,云南大理古城"
张家口,"张家口市人民政府,张家口属于哪个省,河北张家口官网,张家口市张家口银行招聘,张家口简介,张家口哪里销售货架,张家口本地宝,张家口市租电脑,张家口监理招聘"
素食,"佛家素食菜谱大全,吃素食的好处与坏处,中国素食网,自助素食餐厅加盟,素食馆设计方案,健康素食数据调查,素食博览会策划案例,素食食品批发,素食厨师培训"
苏轼,"苏东坡苏轼,苏轼 坚忍不拔之志,有关苏轼论文文献,苏轼50首经典诗词,苏轼的照片q版,浣溪沙宋苏轼带拼音,水调歌头 苏轼原文,苏轼最有名的十首诗,定风波苏轼人生态度"
李白,"李白送别汪伦的诗句,将进酒李白太厉害了,王者荣耀李白q版萌图,q版动漫李白,李白简介图片,我的偶像李白演讲稿,李白简笔画q版简单,q版李白简笔画,李白原名"
苏东坡,"苏东坡最经典10诗词,苏东坡字体免费下载,纪录片苏东坡1至6集,苏东坡与佛印十个故事,苏东坡简介,苏东坡诗词精选十首,苏东坡经典诗词20首,林语堂苏东坡,苏东坡江城子"
杜甫,"q版杜甫图片,杜甫的简介和代表作,哪里能买到历代诗人咏阆中这本书,送杜少府之任蜀州送别之地,读茅屋为秋风所破歌之后给杜甫的一封信,雨巷出在哪版语文书,绝句杜甫迟日江山丽,杜甫最著名的十首诗,杜甫登楼原文"
行李箱,"90分行李箱,28寸行李箱尺寸长宽高,行李箱品牌排行榜,20寸行李箱有多大,24寸多少厘米行李箱,上飞机行李箱尺寸规定,做书包的行李箱收纳袋,行李箱尺寸对照表,可以爬楼梯的行李箱"
桥梁,"q420qe桥梁板多少钱,桥梁网站,q355dq桥梁专用板,市政桥梁施工资质,什么是桥梁,桥梁的种类,桥梁的橡胶制作厂,桥梁长度多少位大桥,q235qc桥梁板"
双眼皮贴,"割双眼皮的最佳年龄,unny双眼皮贴,双眼皮埋线抽脂十天了还肿,双眼皮手术费用多少,客厅双眼皮吊顶实景图,贴双眼皮贴的正确方法,双眼皮贴教程,贴双眼皮贴有什么坏处,双眼皮有几种类型"
科技频道,"cctv兵器科技频道id,兵器科技频道在线直播,科技视界官网,邯郸科技教育频道回放,科技频道探索与发现,科教频道走进科学,科技视频素材,科技之光走进科学世界,新华网科技频道"
搜狐,"sh搜狐,搜狐网官网首页,q搜狐,sohu搜狐网,搜狐视频怎么运营,腾讯网官网首页登录,搜狐广告中心,搜狐搜狐,搜狐网站客服"
搜索引擎,"阿里云搜索引擎入口,f搜引擎,搜索引擎排名,谷歌搜索引擎首页,爬虫搜索引擎,搜搜搜索引擎,百度网盘搜索引擎,搜索引擎大全,电影狗搜索引擎"
办公室,"办公室装饰设计,企业办公室面积标准,办公室家具,内勤办公室英文,白色桌子办公室,办公室相关书籍,办公室文员调查报告,办公室装修效果图,总经理办公室设计"
盆栽,"小叶紫檀盆栽,q版太阳能盆栽图片,榕树盆景,盆栽自主浇水方法,栀子花盆栽,购买铁皮石斛盆栽,盆栽月季,植物盆景图片,家庭盆栽花卉"
恐龙,"恐龙岛官网,q版恐龙图片,恐龙吞噬网页游戏,仿真恐龙厂家,绿恐龙睡衣,假的恐龙,恐龙q版萌图,鲨鱼龙游戏,恐龙岛恐龙一览表"
羊肉串,"正宗羊肉串的腌制方法,小龙蜀小签鲍鱼串串加盟,嘿舌尖成钢五区小郡肝串串香创维店,羊肉串怎么腌制最好吃,串串香火锅加盟,新疆烤羊肉串,很久以前羊肉串,烧饼夹羊肉串加盟,家用电烤羊肉串机"
烤羊肉,"羊肉串怎么烤好吃又嫩,钢管厂五区小郡肝串串香官网,锅圈食汇的红色的烤锅叫什么,烤羊肉串的腌制方法,大块烤羊肉,新疆美味烤羊肉串,怎么用微波炉烤羊肉,家用电烤羊肉串机,空气炸锅烤羊肉的做法"
晾衣架,"晾衣架十大品牌排行榜,好太太晾衣架官网,阳台晾衣架哪种最实用,晒衣架落地折叠晾衣架,阳台晾衣架十大品牌,电动晾衣架尺寸,阳台伸缩晾衣架,智能晾衣架,八旬老人倒挂晾衣架"
置物架,"家用货架置物架,厨房置物架收纳层架,304不锈钢厨房置物架,卫生间置物架,厨房挂件挂架置物架,书架置物架,不锈钢架子置物架,浴室置物架,厨房置物架层架"
玻璃,"超白玻璃和普通玻璃的价格差多少,隔热玻璃膜,三玻两腔lowe玻璃,q版玻璃,一块玻璃多少钱,玻璃行情今日玻璃价,玻璃栈道的玻璃是什么玻璃,玻璃价格网,玻璃钢储罐"
答案,"q游网查答案,答案网在线使用,2022全国乙卷语文答案,作业帮,答题软件app,新安法考试题库及答案,水浒q传乡试答案,免费答案网,51星变q群答题答案"
傍晚夜色,"傍晚,夜色王潮,今晚的夜色真美,黄色光的色温,形容夜色的词语,半晚,深夜,晚夜,夜色"
澳门,"gucci澳门官网网址,金沙澳门官方,澳门威利斯人,澳门盛世网,2022澳门六彩资料大全,澳门网上电玩城网站,欢迎进入澳门十大正规,澳门金沙平台开户,gucci澳门官方网站"
助人为乐,"助人为乐事迹材料范文,助人为乐好村民评选活动,我助人为乐的室友,助人为乐是一种美德,助人者自助乐己者乐人,热心公益乐于助人,助人为乐的名言名句,助人为乐的感受和心得,助人为乐是快乐之本"
佳能,"佳能官网中国官方网,ji佳能官网,佳能官网首页,佳能相机q键,相机电脑版下载,佳能打印机驱动官网,佳能canon官网,佳能单反相机三脚架,佳能5d4"
尼康,"尼康官网官方网站,nikon官网,尼康相机官网,尼康驱动,尼康nikon官方网站,相机电脑版下载,松下相机型号,尼康官网旗舰店,尼康相机最新品牌"
富士康,"富士康官网首页,富士康是做什么的,富士康華南檢測中心,富士康科技集团,富士康13连跳事件,富士康公司简介,富士康内部成人专科,富士康高速口抢人,富士康官网招聘"
啦啦队,"cba啦啦队看到毛了,拉拉队和啦啦队哪个对,nba啦啦队十大走光,啦啦队舞蹈视频,nba啦啦队露小毛毛,啦啦队篮球比赛,鸟背上的啦啦队,韩国啦啦队短裤热舞,啦啦队服装"
顺德,"顺德bbs上班招聘,顺德职业技术学院官网,顺德属于哪个省哪个市,顺德容桂领德美的招聘,顺德信息网官网,顺德房价,顺德区人民政府,顺德招聘网,顺德港口"
乌龟,"乌龟吃什么食物,水浒q传经验乌龟,乌龟怎么养才会认主人,养乌龟专用缸,q版乌龟,乌龟头退敏是好是坏,乌龟身上有白色疙瘩,墨龟,乌龟住在哪里"
橘猫,"猫狗侠官网,橘猫价格多少钱一只,橘黄色亚克力板,橘猫是土猫吗,购买宠物猫咪,橘黄色像蛆一样的虫,橘猫性格,橘猫的特点,橘猫怎么养"
铁观音,"铁观音茶叶价格一览表,铁观音茶的功效与作用,铁观音是红茶还是绿茶,铁观音的泡法,铁观音属于什么茶类,铁观音产地在哪里,安溪铁观音十大品牌,铁观音降血压效果,铁观音是乌龙茶吗"
小罐茶,"小罐茶官网旗舰店,小罐茶官网小罐茶官网,小罐茶营销案例分析,小罐茶创始人,小罐茶多少钱一盒,小罐茶大红袍王顺明,小罐茶的设计公司,小罐茶价格表,小罐茶包装"
梅花,"梅花q是什么意思,梅花q上的人是谁,梅花q是谁,梅花q是哪个人物,梅花植物胶囊,梅花十三q版图片,梅花牌官网,梅花q图片,梅花垫价格"
女排,"2022女排联赛直播,女排朱翔宇,世界女排联赛2022赛程,弘扬女排精神演讲稿,2022女排超级联赛赛程表,中国女排不敌泰国队,中国女排最新消息,2021中国女排最新比赛直播,中国女排2022比赛回放"
普拉多,"丰田普拉多2022全新款价格,普拉多二手车10一15万,2022款丰田普拉多价格,普拉多柴油版有几个版本,普拉多2700座位多少一套,普拉多和霸道的区别,兰德酷路泽普拉多,丰田新款普拉多,普拉多说明书中文版电子版"
我和我的祖国,"我和我的祖国音乐mp3,w我和我的祖国,我和我的祖国演讲稿,我和我的祖国歌词全文,我和我的祖国观后感,我和我的祖国原版,我和我的祖国歌曲原唱,我和我的祖国简谱歌谱,我i和我的祖国"
风琴包,"tb风琴包,巴宝莉风琴包,风琴包是干什么用的,蔻驰风琴包,风琴包定制图片,手风琴价格,风琴包文件夹多层,试卷  结实 风琴包,宝格丽蛇头风琴包"
彪马,"puma彪马官方旗舰店,彪马官网旗舰店,彪马是哪个国家的品牌,彪马运动套装,puma彪马官网,彪马帽子男,彪马的标志,彪马官网,彪马跑鞋"
叶子,"两片叶子,q版叶子,粽叶是什么植物的叶子,德哥用叶子编制屋顶,叶子的种类,树叶,秋叶子,简单叶子,翡翠 叶子"
中老年,"中老年高档女装夏装,珍爱网郎房中老年人征婚,中老年小碎花连衣裙,最新老年人的年龄标准,中老年女装春秋薄外套,中国老年网官网,中老年男式夏季西服,中老年男装夹克,中老年广场舞"
项链,"tiffany vic项链,lv项链官网,施华洛世奇项链官网,项链品牌排行榜前十名,香奈儿项链官网,珍珠项链,宝格丽项链官方网站,翡翠锁骨链镶嵌款式,微笑项链tiffany"
浪客剑心,"浪客剑心电影在线看,q版浪客剑心,剑与情缘官网,浪客剑心1在线观看,浪客剑心顺序怎么看,浪客剑心真人版,浪客剑心的绯村剑心,浪客剑心最终章人诛篇,浪客剑心动漫海报"
专利,"佰腾网专利检索官网,专利查询官方网站,国家知识专利产权局,中国专利查询系统入口,发明专利申请流程,中国专利二区在线看,国家专利网专利查询系统,专利在哪里下载,专利授权查询"
拼音,"q和u能拼吗拼音怎么读,文字配拼音在线生成,q的拼音格式怎么写,q拼音怎么读,拼音q的正确写法,拼音p和q区分妙招,文字转拼音在线转换,拼音q开头的字,拼音q的发音"
三年级下册,"语文三年级下册ppt课件,2022年三年级下册语文电子课本,三年级下册口算天天练,三年级下册语文练闯考阿里巴巴,熊猫的资料三年级下册,小学三年级下册英语,三年级下册数学试题库,三年级下册英语人教版,三年级下册语文作文"
三年级上册,"2021年三年级上册语文课本电子版,语文三年级上册,小学三年级的孩子买什么玩具,三年级上册数学练习题,新黑马阅读训练三年级,2021三年级上册语文书电子版,部编版三年级上册语文要素梳理,三年级上册英语试卷,2021年三年级上册的语文课本"
三年级,"小学三年级下册语文,三年级试卷免费打印,三年级美术画画作品,奇妙的想象三年级作文,三年级综合测试卷,熊猫的资料三年级下册,三年级上册奥数,三年级聪明题,ppt模板 三年级"
奶茶,"避风塘奶茶官网,黑q黑q奶茶,垦丁q蛋奶茶官网,奶茶加盟招商网,奶茶培训班学费多少,奶茶店加盟哪个牌子好,q版奶茶图片可爱,全国奶茶排行榜,玲爷奶茶"
豆浆,"黑豆浆的功效与作用,豆浆的做法和配方,九阳豆浆机,豆浆可以天天喝吗,豆浆和鸡蛋能一起吃吗,如何消除豆浆泡沫,喝豆浆的好处和坏处,豆浆机排行榜10强,大型豆浆机浆渣分离"
青花瓷,"青花瓷歌曲在线听,q青花瓷歌词,青花瓷酒多少钱一瓶,青花瓷图片,景德镇青花瓷茶杯京东,青花瓷盖碗茶具,青花瓷挂件种类,和田玉青花瓷原石,青花瓷条纹边框"
春联,"22年春联,2022年春联七言带横批,民间常用春联3000副,2022年对联及春联大全,春联的来历与起源,春联对联大全,2022春联精选,9字春联,春联书法作品"
春联设计,"22年春联,创意春联设计,2022春联精选,春联对联大全,春联生成器在线,空白春联纸批发,有特色的春联,我来写春联教学设计,网页设计春联模板"
收藏,"华夏收藏网官网,7788收藏网官网,人民币收藏最新价格,997788中国收藏热线,关灯收藏 q版泡泡堂,古玩瓷器收藏,官员收藏古董是假货,啤酒商标收藏,收藏品项目外包"
雅鲁藏布江,"雅鲁藏布江大峡谷简介,怒江至西藏的旅游路线,雅鲁藏布江源头在哪里,西藏布达拉宫,雅鲁藏布江流经地图,雅鲁藏布江大拐弯,雅鲁藏布江流入什么洋,西藏雅鲁藏布江,雅鲁藏布江引水入疆"
大数据,"大数据统计网站,洗q拉数据,大数据验号电商大脑,大数据英文翻译,腾讯大数据,什么是大数据,大数据挖掘工程师,大数据网站,大数据有多大"
智慧医疗,"智慧医疗建设方案,智慧医疗管理平台,智慧医疗系统,物联网智能医疗图片数字化,智能医疗信息管理系统,杭州智慧医疗官网登录,智慧医疗产业分析,智慧医疗的概念,智慧医疗发展趋势图"
电视剧,"q狼特勤组 电视剧,88影视网在线观看电视剧,烈火战马电视剧在线观看谍错网,88影视官网电视剧,maggie q主演的电视剧,妻子的选择 电视剧,电视剧大全免费观看电视剧,侦探学院q真人电视剧,红桃q电视剧"
写字楼出租,"58同城写字楼出租网,58写字楼出租,点点租写字楼出租网,58办公楼写字楼出租,贡院6号写字楼出租,58同城租房写字楼出租,58同城写字楼个人出租,写字楼办公室出租,我要出租写字楼在哪发布"
林荫道,"林荫道霍贝玛赏析,橡胶草地,米德尔哈尼斯的林荫道,林荫道路率怎么计算,林荫道图片大全,树林荫翳,林荫道标准,林荫道风景壁纸,新沙洞林荫道"
轻音乐,"轻音乐背景音乐大全,名曲轻音乐欣赏100首,免费纯背景音乐下载,班得瑞轻音乐20曲经典,轻音乐mp3格式下载,轻音乐经典歌曲播放,轻音乐舒缓放松,轻音乐背景音乐大全免费下载,钢琴曲轻音乐纯音乐"
数据科学,"mpai数据科学平台,大数据与数据科学专业设定,国家科学数据中心,布朗大学数据科学硕士,数据科学专业,数据科学与大数据技术学科评估,数据科学战略计划,商业数据科学博士,雷丁大学数据科学"
零基础入门,"ps教程零基础入门,零基础学编程最开始应该从哪入手,ps入门基础知识,ps零基础入门学习,零基础自学编程入门视频,电脑零基础入门教程免费学,电脑零基础入门教程视频教程,会计入门零基础知识,零基础学电脑从入门到精通"
雪中作业,"雪中作业,一q作业,2022九上江苏版数学课时作业本答案,答卷网,雪地里的小画家课后作业,作业辅导平台在线使用,作业帮免费下载,我的作业数学答案,雪中春信尤四姐"
中国画,"中国画山水技法教程,中国画的特点,中国山水画国画精品,中国画专业简历,中国国画网官网,中国画画刊杂志,中国画展览设计,中国画人物画家作品,中国画课题研究"
休闲食品,"休闲食品加盟十大品牌,58食品网,中国休闲食品招商网,休闲食品市场分析,休闲食品十大品牌,休闲零食,休闲食品行业的报告,来伊份休闲食品,休闲食品加工厂加盟"批发,"1668阿里巴巴批发网,网上批发平台有哪些,阿里巴巴批发,q版太阳能盆栽批发,中国批发网,q195钢绞线批发,q420qe桥梁板批发采购,长江冷冻食品批发,购物袋定制批发"
牛肉干,"29类牛肉干商标,自制牛肉干的制作方法,牛肉干哪个牌子好吃,怎么区分牛肉干和鸭肉干,牛肉干品牌排行榜,百草味原切牛肉干,牛肉干多少钱一斤,阿坝牛肉干销售,内蒙古牛肉干"
景观设计,"景观设计作品集网站,私家庭院鱼池景观设计,景观中国设计网,园林植物景观设计,日本采光井景观设计,海上景观设计,景观设计案例网站,国外大学景观设计案例,景观设计找意向图网站"
苹果,"苹果网官网首页,apple苹果官网中国,q 苹果官网,苹果13序列号q开头,apple苹果官网,进入苹果中国官网站,apple平板苹果官网,苹果手机1和q按不出来,苹果手机序列号q开头"
siri,"苹果12siri怎么打开,siri语音在线生成,腾讯云语音识别,ai语音,siri的恐怖回答,siri翻译英文骂人,siri什么意思,siri搞笑指令,金毛siri事件"
iphone,"iphone官方网站,iphone13序列号q开头,iphone序列号q开头,苹果官网首页官网,苹果apple官网,iphoneid官网,iphone官网首页,苹果专卖店官网,iphone手机官网"
手机,"荣耀手机官方网,9机网手机官网,手机触屏没反应点不动,爱q生活网 手机,0pp0折叠手机2022新款,小米q手机,二手手机找靓机官网,最新款手机性价比最高的一款手机,2手手机"
小米,"小米商城官网首页,1亿像素小米手机价格,小米官网官网,小米办公智能门方案,小米云服务,小米手机如何清粉尘,小米官方旗舰店官网,小米 录音 转文字,小米9背屏多少钱"
华为,"华为官方官网,二级等保测评 华为,华为官方网站首页,华为海思麒麟,华为官网官网首页,华为手机官方商城,华为mate40pro,华为官网中国官网,华为官方网站官网"
深圳湾公园,"深圳湾科技生态园,深圳湾公园游玩攻略,深圳湾一号多少钱一平,深圳湾公园地铁几号线,深圳湾公园管理处电话,深圳湾公园在哪个区,深圳湾公园图片,深圳蹦床主题公园在哪里,深圳湾公园停车预约"
鸡公煲,"鸡公煲菜单,重庆鸡公煲创始人,黄蜀郎鸡公煲,鸡公煲和黄焖鸡的区别,鸡公煲是哪里的,鸡公煲加盟店,歪醉香鸡公煲,鸡公煲酱料配方,鸡公煲图片"
悉尼大学,"悉尼大学官网中文版,悉尼大学世界排名第几,悉尼大学学费一年多少钱,悉尼大学和墨尔本大学哪个好,悉尼大学vs墨尔本大学,纽卡斯尔大学澳洲2022排名,澳大利亚悉尼大学官网,悉尼大学国际生含金量,罗德岛大学"
腾讯,"q 腾讯视频,tt腾讯视频,腾讯官网官网入口,腾讯q游助手官方网站,腾讯游戏首页官方网站,腾讯公司企业q,腾讯q电脑版,te腾讯视频,q腾讯手游助手"
小学生作文书,
课外辅导,"一对一网上辅导,课外100中小学课外辅导网官网,辅导君官方网站,如何看待课外辅导班,金硕课外辅导,新东方课外辅导,小学课程名师辅导官网,高中课外辅导中心,法学硕士课外辅导"
胡辣汤,"胡辣汤的做法和配料,河南美食胡辣汤介绍,胡辣汤图片高清图片,胡辣汤是哪里的特产,老外用胡辣汤泡月饼,方中山胡辣汤官网,胡辣汤是什么,胡辣汤的做法家常做法,逍遥胡辣汤"
跨年,"2022年跨年图片,q 2022跨年晚会直播中,2021到2022跨年图片,还有几天跨年,2022跨年节目单出炉,企业跨年公众号推文,跨年贺词,脱口秀跨年2022,2022跨年晚会直播中"
全景,"蛙色vr全景,vr全景,720云全景制作官网,vr全景制作软件,q全景网,地图全景3d,消防vr全景虚拟游,720云vr全景,建e全景官网"
ktv,"ktv音响,ktv点歌系统电脑版,ktv装修设计,ktv歌曲库免费下载,欧式ktv茶几,最好的ktv,量贩式ktv是什么意思,ktv音响什么牌子好,私房ktv"
三亚,"三亚亚龙湾人间天堂,妺2三亚蜜月,三亚蜜月大片免费,三亚旅游攻略,海南三亚房价,三亚哪个岛最值得去,三亚婚纱摄影前十名,三亚9天游玩攻略,三亚房价多少钱一平米"
紧急令,"紧急猎杀令未删减版,突发紧急事件时的应急处理预案,三避让和三个紧急撤离内容,紧急呼救器速度多少,紧急泄压人孔制造图,急救类生命支持类紧急调配演练,紧急盯梢令1994完整版,文明与征服紧急迁城令,遇到洪涝必须进行紧急转移这时你应该穿"
紧急任务,"诡夺天罡印3x紧急任务,任务紧急暂时无法传送,义绝墨魂笔3x紧急任务,qq三国紧急战备任务,神器紧急任务失败1次,客房紧急求助系统,快手任务放单平台,燃气报警紧急切断装置,医院紧急信息报送模板"
紧急会议,"会议应急处置预案,疫情防控紧急会议纪要,召开紧急会议,联大紧急特别会议,突发紧急事件时的应急处理预案,安全生产紧急会议,紧急会议通知范文,紧急圆桌会议道具,国家电网开紧急会议"
紧急停车,"紧急停车按钮使用规范,道闸,紧急停车系统分布图,电磁燃气紧急切断阀,紧急泄压人孔制造图,紧急停车带指示标志,鹤管卸车紧急停车,静止停车,地铁紧急停车按钮"
紧急制动,"peb倒车紧急制动,aebs紧急制动系统,限速器涨紧装置dndt,紧急情况砸掉紧急按钮,殉职司机曾紧急制动,紧急制动是什么意思,永恒力紧急开关,aeb自动紧急制动系统,行动必须做到迅速"
紧急召开,"qq上怎样召开会议,我们启动洪涝灾害iv级应急响应,紧急召开,高速水毁紧急抢险,县召开两法专题讲座,世卫组织召开紧急会议,紧急召开疫情防控,公文管理培训会召开,公司召开趣味运动会"
紧急启事,"招聘启事范文,2022书法比赛征稿启事,停车场管理登报启事,紧急寻人启事,紧急函,女士个人征婚启事,急急令,招募启事怎么写,纸箱厂招工启事"
紧急命令,"linux常用命令,紧急命令,windows命令提示符命令大全,命令提示符代码大全装逼,医院一键紧急报警系统,传奇传送戒指命令,拒不执行政府紧急命令,洛杉矶紧急防疫命令,燃气报警紧急切断装置"
